{
  "partial_results": [
    {
      "E": 8,
      "use_chaos": true,
      "seed": 0,
      "inner_mult": 1,
      "batch_size": 256,
      "val_loss": 0.3391593396663666,
      "params": 174671624,
      "capacity_ratio": 6144.0,
      "dead_experts": 0,
      "expert_entropy": 0.6587780631952838,
      "nondegenerate": true,
      "selections": [
        356,
        101,
        1473,
        25,
        35,
        48,
        1642,
        320
      ],
      "ttd": null,
      "recoveries": 0,
      "dead_per_epoch": [
        0,
        0,
        0,
        0,
        0,
        0,
        0,
        0
      ],
      "entropy_per_epoch": [
        0.9978770611410135,
        0.9831137992165494,
        0.9260287274380773,
        0.8287736720474109,
        0.7325591473261205,
        0.6916830555685181,
        0.6627289524082396,
        0.6587780631952838
      ]
    },
    {
      "E": 8,
      "use_chaos": true,
      "seed": 1,
      "inner_mult": 1,
      "batch_size": 256,
      "val_loss": 0.33389368653297424,
      "params": 174671624,
      "capacity_ratio": 6144.0,
      "dead_experts": 0,
      "expert_entropy": 0.6581493057496542,
      "nondegenerate": true,
      "selections": [
        38,
        88,
        760,
        232,
        1995,
        36,
        41,
        810
      ],
      "ttd": null,
      "recoveries": 0,
      "dead_per_epoch": [
        0,
        0,
        0,
        0,
        0,
        0,
        0,
        0
      ],
      "entropy_per_epoch": [
        0.996448628224829,
        0.9564914606156198,
        0.8662561576430564,
        0.7507250184361498,
        0.7007763434825856,
        0.6424141589263855,
        0.6555211427507864,
        0.6581493057496542
      ]
    },
    {
      "E": 8,
      "use_chaos": false,
      "seed": 0,
      "inner_mult": 1,
      "batch_size": 256,
      "val_loss": 0.29341644048690796,
      "params": 174671624,
      "capacity_ratio": 6144.0,
      "dead_experts": 0,
      "expert_entropy": 0.9050946613220376,
      "nondegenerate": true,
      "selections": [
        978,
        143,
        587,
        146,
        749,
        198,
        789,
        410
      ],
      "ttd": null,
      "recoveries": 0,
      "dead_per_epoch": [
        0,
        0,
        0,
        0,
        0,
        0,
        0,
        0
      ],
      "entropy_per_epoch": [
        0.9838589786572074,
        0.9580706463335216,
        0.9384253583652823,
        0.9210889625490661,
        0.9108910137484872,
        0.8979261671493265,
        0.903155735010436,
        0.9050946613220376
      ]
    },
    {
      "E": 8,
      "use_chaos": false,
      "seed": 1,
      "inner_mult": 1,
      "batch_size": 256,
      "val_loss": 0.294961541891098,
      "params": 174671624,
      "capacity_ratio": 6144.0,
      "dead_experts": 0,
      "expert_entropy": 0.8583201767464246,
      "nondegenerate": true,
      "selections": [
        258,
        1160,
        237,
        117,
        987,
        131,
        796,
        314
      ],
      "ttd": null,
      "recoveries": 0,
      "dead_per_epoch": [
        0,
        0,
        0,
        0,
        0,
        0,
        0,
        0
      ],
      "entropy_per_epoch": [
        0.9941389693558154,
        0.976616629262154,
        0.9545368977536166,
        0.924781345419909,
        0.9017317853581039,
        0.8734090458747239,
        0.8673491999994992,
        0.8583201767464246
      ]
    },
    {
      "E": 8,
      "use_chaos": true,
      "seed": 0,
      "inner_mult": 2,
      "batch_size": 256,
      "val_loss": 0.39164412021636963,
      "params": 344568584,
      "capacity_ratio": 12288.0,
      "dead_experts": 0,
      "expert_entropy": 0.5697988107090375,
      "nondegenerate": true,
      "selections": [
        2,
        31,
        16,
        1765,
        1583,
        430,
        148,
        25
      ],
      "ttd": null,
      "recoveries": 0,
      "dead_per_epoch": [
        0,
        0,
        0,
        0,
        0,
        0,
        0,
        0
      ],
      "entropy_per_epoch": [
        0.9971231065917523,
        0.9777859062162794,
        0.9076206704373146,
        0.8303052796389079,
        0.7337122687365252,
        0.652986741596318,
        0.6010366272360584,
        0.5697988107090375
      ]
    },
    {
      "E": 8,
      "use_chaos": true,
      "seed": 1,
      "inner_mult": 2,
      "batch_size": 256,
      "val_loss": 2.381135940551758,
      "params": 344568584,
      "capacity_ratio": 12288.0,
      "dead_experts": 0,
      "expert_entropy": 0.9320152210266227,
      "nondegenerate": true,
      "selections": [
        642,
        119,
        346,
        667,
        375,
        257,
        605,
        989
      ],
      "ttd": null,
      "recoveries": 0,
      "dead_per_epoch": [
        0,
        0,
        0,
        0,
        0,
        0,
        0,
        0
      ],
      "entropy_per_epoch": [
        0.985691643602831,
        0.9313708686009959,
        0.8354358412115361,
        0.6304222218324614,
        0.5225351127548015,
        0.49861116200899874,
        0.49276894747616956,
        0.9320152210266227
      ]
    },
    {
      "E": 8,
      "use_chaos": false,
      "seed": 0,
      "inner_mult": 2,
      "batch_size": 256,
      "val_loss": 0.2897668182849884,
      "params": 344568584,
      "capacity_ratio": 12288.0,
      "dead_experts": 3,
      "expert_entropy": 0.43455488469842685,
      "nondegenerate": false,
      "selections": [
        3,
        0,
        150,
        0,
        66,
        0,
        1979,
        1802
      ],
      "ttd": 4,
      "recoveries": 0,
      "dead_per_epoch": [
        0,
        0,
        0,
        1,
        1,
        2,
        2,
        3
      ],
      "entropy_per_epoch": [
        0.9508949954993628,
        0.7643923235647228,
        0.5550994872833774,
        0.48925006501396967,
        0.4628761723296785,
        0.4478563432675527,
        0.43566511277935754,
        0.43455488469842685
      ]
    },
    {
      "E": 8,
      "use_chaos": false,
      "seed": 1,
      "inner_mult": 2,
      "batch_size": 256,
      "val_loss": 0.29317954182624817,
      "params": 344568584,
      "capacity_ratio": 12288.0,
      "dead_experts": 0,
      "expert_entropy": 0.6318609421249337,
      "nondegenerate": true,
      "selections": [
        2,
        10,
        21,
        1081,
        467,
        274,
        165,
        1980
      ],
      "ttd": null,
      "recoveries": 0,
      "dead_per_epoch": [
        0,
        0,
        0,
        0,
        0,
        0,
        0,
        0
      ],
      "entropy_per_epoch": [
        0.9531162725907455,
        0.862415472404481,
        0.6919817023984517,
        0.6575208164135694,
        0.6413078701338175,
        0.6405315588136736,
        0.6327733742572673,
        0.6318609421249337
      ]
    },
    {
      "E": 8,
      "use_chaos": true,
      "seed": 0,
      "inner_mult": 4,
      "batch_size": 256,
      "val_loss": 0.48328810930252075,
      "params": 684362504,
      "capacity_ratio": 24576.0,
      "dead_experts": 0,
      "expert_entropy": 0.7962678811816429,
      "nondegenerate": true,
      "selections": [
        407,
        262,
        454,
        175,
        133,
        1694,
        820,
        55
      ],
      "ttd": null,
      "recoveries": 0,
      "dead_per_epoch": [
        0,
        0,
        0,
        0,
        0,
        0,
        0,
        0
      ],
      "entropy_per_epoch": [
        0.9858604225463624,
        0.9786650998265277,
        0.9786361479243468,
        0.949873140319866,
        0.9298056239045436,
        0.8878619600689274,
        0.8489218707675404,
        0.7962678811816429
      ]
    }
  ],
  "completed": 9,
  "total": 48
}