{
  "partial_results": [
    {
      "E": 8,
      "use_chaos": true,
      "seed": 0,
      "inner_mult": 1,
      "batch_size": 256,
      "val_loss": 0.3491811156272888,
      "params": 174671624,
      "capacity_ratio": 6144.0,
      "dead_experts": 0,
      "expert_entropy": 0.7407950122565834,
      "nondegenerate": true,
      "selections": [
        907,
        385,
        1064,
        39,
        87,
        17,
        124,
        1377
      ],
      "ttd": null,
      "recoveries": 0,
      "dead_per_epoch": [
        0,
        0,
        0,
        0,
        0,
        0,
        0,
        0
      ],
      "entropy_per_epoch": [
        0.993028655501009,
        0.9694963421000788,
        0.9271936776939323,
        0.8765562902001041,
        0.8345442571328594,
        0.8066813279649309,
        0.7786735405305805,
        0.7407950122565834
      ]
    },
    {
      "E": 8,
      "use_chaos": true,
      "seed": 1,
      "inner_mult": 1,
      "batch_size": 256,
      "val_loss": 0.3382059931755066,
      "params": 174671624,
      "capacity_ratio": 6144.0,
      "dead_experts": 0,
      "expert_entropy": 0.7308746697037073,
      "nondegenerate": true,
      "selections": [
        1936,
        462,
        134,
        797,
        65,
        276,
        297,
        33
      ],
      "ttd": null,
      "recoveries": 0,
      "dead_per_epoch": [
        0,
        0,
        0,
        0,
        0,
        0,
        0,
        0
      ],
      "entropy_per_epoch": [
        0.9931509105510887,
        0.9592688218889703,
        0.8793556340195567,
        0.8132474360447235,
        0.7786493699090594,
        0.7561331382693346,
        0.7371861189319235,
        0.7308746697037073
      ]
    },
    {
      "E": 8,
      "use_chaos": false,
      "seed": 0,
      "inner_mult": 1,
      "batch_size": 256,
      "val_loss": 0.29229238629341125,
      "params": 174671624,
      "capacity_ratio": 6144.0,
      "dead_experts": 0,
      "expert_entropy": 0.8470587026528816,
      "nondegenerate": true,
      "selections": [
        112,
        169,
        440,
        305,
        1146,
        1143,
        98,
        587
      ],
      "ttd": null,
      "recoveries": 0,
      "dead_per_epoch": [
        0,
        0,
        0,
        0,
        0,
        0,
        0,
        0
      ],
      "entropy_per_epoch": [
        0.9859645136936379,
        0.964543724821703,
        0.9275640437317677,
        0.8947811890025931,
        0.8819030776794184,
        0.8619659332278096,
        0.8524735188991809,
        0.8470587026528816
      ]
    },
    {
      "E": 8,
      "use_chaos": false,
      "seed": 1,
      "inner_mult": 1,
      "batch_size": 256,
      "val_loss": 0.2966707646846771,
      "params": 174671624,
      "capacity_ratio": 6144.0,
      "dead_experts": 0,
      "expert_entropy": 0.9160178373867384,
      "nondegenerate": true,
      "selections": [
        569,
        1053,
        387,
        529,
        162,
        829,
        155,
        316
      ],
      "ttd": null,
      "recoveries": 0,
      "dead_per_epoch": [
        0,
        0,
        0,
        0,
        0,
        0,
        0,
        0
      ],
      "entropy_per_epoch": [
        0.9943338988920096,
        0.9823798401657317,
        0.9681829225389625,
        0.947139732874987,
        0.9357280823824476,
        0.9225908714136569,
        0.9180936072761131,
        0.9160178373867384
      ]
    },
    {
      "E": 8,
      "use_chaos": true,
      "seed": 0,
      "inner_mult": 2,
      "batch_size": 256,
      "val_loss": 1.1495167016983032,
      "params": 344568584,
      "capacity_ratio": 12288.0,
      "dead_experts": 0,
      "expert_entropy": 0.8866843237000028,
      "nondegenerate": true,
      "selections": [
        518,
        195,
        80,
        664,
        205,
        656,
        443,
        1239
      ],
      "ttd": null,
      "recoveries": 0,
      "dead_per_epoch": [
        0,
        0,
        0,
        0,
        0,
        0,
        0,
        0
      ],
      "entropy_per_epoch": [
        0.9902663139194297,
        0.9508671968485987,
        0.8827316720679527,
        0.8172538528483075,
        0.7548938184936176,
        0.7142775250041821,
        0.9078887250590552,
        0.8866843237000028
      ]
    },
    {
      "E": 8,
      "use_chaos": true,
      "seed": 1,
      "inner_mult": 2,
      "batch_size": 256,
      "val_loss": 0.39680010080337524,
      "params": 344568584,
      "capacity_ratio": 12288.0,
      "dead_experts": 0,
      "expert_entropy": 0.6780653639696325,
      "nondegenerate": true,
      "selections": [
        61,
        469,
        93,
        89,
        1890,
        1091,
        18,
        289
      ],
      "ttd": null,
      "recoveries": 0,
      "dead_per_epoch": [
        0,
        0,
        0,
        0,
        0,
        0,
        0,
        0
      ],
      "entropy_per_epoch": [
        0.9964845205224055,
        0.9868558755334624,
        0.9431146366003087,
        0.8964258795303689,
        0.8403512066596583,
        0.7724980176633793,
        0.7191043350174825,
        0.6780653639696325
      ]
    },
    {
      "E": 8,
      "use_chaos": false,
      "seed": 0,
      "inner_mult": 2,
      "batch_size": 256,
      "val_loss": 0.291473925113678,
      "params": 344568584,
      "capacity_ratio": 12288.0,
      "dead_experts": 2,
      "expert_entropy": 0.7446576116524737,
      "nondegenerate": false,
      "selections": [
        1281,
        13,
        1019,
        744,
        484,
        0,
        459,
        0
      ],
      "ttd": 7,
      "recoveries": 0,
      "dead_per_epoch": [
        0,
        0,
        0,
        0,
        0,
        0,
        1,
        2
      ],
      "entropy_per_epoch": [
        0.9831953633931975,
        0.9161811489397889,
        0.8226575742213658,
        0.7802694711833432,
        0.7660355995737844,
        0.7533689033205956,
        0.749664883020997,
        0.7446576116524737
      ]
    },
    {
      "E": 8,
      "use_chaos": false,
      "seed": 1,
      "inner_mult": 2,
      "batch_size": 256,
      "val_loss": 0.2905369699001312,
      "params": 344568584,
      "capacity_ratio": 12288.0,
      "dead_experts": 2,
      "expert_entropy": 0.513170107315919,
      "nondegenerate": false,
      "selections": [
        0,
        1,
        1494,
        483,
        1943,
        38,
        0,
        41
      ],
      "ttd": 4,
      "recoveries": 1,
      "dead_per_epoch": [
        0,
        0,
        0,
        2,
        1,
        1,
        2,
        2
      ],
      "entropy_per_epoch": [
        0.9635918229045771,
        0.8340877213441623,
        0.6477631041628925,
        0.5549787645980166,
        0.5454732466950322,
        0.5241212044274386,
        0.5232894198473134,
        0.513170107315919
      ]
    },
    {
      "E": 16,
      "use_chaos": true,
      "seed": 0,
      "inner_mult": 1,
      "batch_size": 256,
      "val_loss": 0.3349764943122864,
      "params": 325740304,
      "capacity_ratio": 6144.0,
      "dead_experts": 0,
      "expert_entropy": 0.5582680718899486,
      "nondegenerate": true,
      "selections": [
        3,
        4,
        46,
        12,
        411,
        15,
        125,
        12,
        2000,
        68,
        56,
        180,
        947,
        77,
        6,
        38
      ],
      "ttd": null,
      "recoveries": 0,
      "dead_per_epoch": [
        0,
        0,
        0,
        0,
        0,
        0,
        0,
        0
      ],
      "entropy_per_epoch": [
        0.9943805909063363,
        0.9634255981846288,
        0.8486755961350044,
        0.7071391432835773,
        0.6142684504868522,
        0.5706083122988701,
        0.5622528265980509,
        0.5582680718899486
      ]
    },
    {
      "E": 16,
      "use_chaos": true,
      "seed": 1,