{
  "experiment": "chaos_moe_variants_stage2_triage",
  "timestamp": "20260424_024220",
  "config": {
    "input_dim": 768,
    "latent_dim": 3072,
    "k_active": 307,
    "num_experts": 8,
    "top_k_experts": 2,
    "inner_mult": 2,
    "epochs": 8,
    "batch_size": 256
  },
  "results": {
    "Baseline_V4": [
      {
        "seed": 0,
        "params": 4722432,
        "val_loss": 0.16906043887138367,
        "dead_latents": 0,
        "lat_var": 0.10068736225366592,
        "lat_range": [
          -1.499996542930603,
          1.499996542930603
        ],
        "dead_experts": null,
        "expert_entropy": null,
        "quant": {
          "2": 0.18633534014225006,
          "3": 0.17302349209785461,
          "4": 0.1695900410413742,
          "6": 0.1690904051065445,
          "8": 0.16906143724918365
        }
      }
    ],
    "V1_chaos_experts": [
      {
        "seed": 0,
        "params": 344568584,
        "val_loss": 0.38350391387939453,
        "dead_latents": 0,
        "lat_var": 0.7231907248497009,
        "lat_range": [
          -24.936996459960938,
          24.71367645263672
        ],
        "dead_experts": 0,
        "expert_entropy": 0.5413664902111058,
        "quant": {
          "2": 0.5917046070098877,
          "3": 0.40539923310279846,
          "4": 0.38840824365615845,
          "6": 0.38378453254699707,
          "8": 0.3835219740867615
        }
      },
      {
        "seed": 1,
        "params": 344568584,
        "val_loss": 0.3810180425643921,
        "dead_latents": 0,
        "lat_var": 0.7355804443359375,
        "lat_range": [
          -24.981584548950195,
          20.118919372558594
        ],
        "dead_experts": 0,
        "expert_entropy": 0.6639161783169002,
        "quant": {
          "2": 0.6124011874198914,
          "3": 0.40422582626342773,
          "4": 0.38607317209243774,
          "6": 0.38130784034729004,
          "8": 0.38103488087654114
        }
      },
      {
        "seed": 2,
        "params": 344568584,
        "val_loss": 0.379051148891449,
        "dead_latents": 0,
        "lat_var": 0.727062463760376,
        "lat_range": [
          -22.288068771362305,
          25.021087646484375
        ],
        "dead_experts": 0,
        "expert_entropy": 0.6043392750534807,
        "quant": {
          "2": 0.6234458088874817,
          "3": 0.40176165103912354,
          "4": 0.3842022120952606,
          "6": 0.37932607531547546,
          "8": 0.3790724277496338
        }
      }
    ],
    "V2_hybrid": [
      {
        "seed": 0,
        "params": 344568584,
        "val_loss": 0.2854340672492981,
        "dead_latents": 0,
        "lat_var": 0.21178612112998962,
        "lat_range": [
          -19.634634017944336,
          18.81102752685547
        ],
        "dead_experts": 1,
        "expert_entropy": 0.5702681906160754,
        "quant": {
          "2": 0.5339377522468567,
          "3": 0.317560076713562,
          "4": 0.2922857701778412,
          "6": 0.28579917550086975,
          "8": 0.285454124212265
        }
      }
    ],
    "V3_chaos_router": [
      {
        "seed": 0,
        "params": 344568584,
        "val_loss": 0.4192754924297333,
        "dead_latents": 0,
        "lat_var": 0.9640492796897888,
        "lat_range": [
          -28.83302116394043,
          25.71356201171875
        ],
        "dead_experts": 0,
        "expert_entropy": 0.8579264620244971,
        "quant": {
          "2": 0.6437594294548035,
          "3": 0.4447347819805145,
          "4": 0.42472144961357117,
          "6": 0.4195922017097473,
          "8": 0.4192877411842346
        }
      }
    ],
    "V4_scaled_moe": [
      {
        "seed": 0,
        "params": 344568584,
        "val_loss": 0.30503788590431213,
        "dead_latents": 0,
        "lat_var": 0.43536972999572754,
        "lat_range": [
          -17.02705192565918,
          19.52928924560547
        ],
        "dead_experts": 0,
        "expert_entropy": 0.5580444108686813,
        "quant": {
          "2": 0.5118628144264221,
          "3": 0.3275337219238281,
          "4": 0.31007063388824463,
          "6": 0.30532360076904297,
          "8": 0.3050521910190582
        }
      }
    ],
    "V5_multipass": [
      {
        "seed": 0,
        "params": 23602944,
        "val_loss": 0.2537842094898224,
        "dead_latents": 0,
        "lat_var": 0.1778721958398819,
        "lat_range": [
          -2.9998676776885986,
          2.9999547004699707
        ],
        "dead_experts": null,
        "expert_entropy": null,
        "quant": {
          "2": 0.2956801950931549,
          "3": 0.2476765215396881,
          "4": 0.2511601746082306,
          "6": 0.2537126839160919,
          "8": 0.25378766655921936
        }
      }
    ]
  },
  "summary": {
    "Baseline_V4": {
      "val_loss": 0.16906043887138367,
      "val_loss_std": 0.0,
      "2bit_deg": 10.21818077972023,
      "abs_quant2": 0.18633534014225006,
      "dead_latents": 0.0,
      "dead_experts": null,
      "expert_entropy": null,
      "range": [
        -1.499996542930603,
        1.499996542930603
      ],
      "params": 4722432,
      "verdict": "GO"
    },
    "V1_chaos_experts": {
      "val_loss": 0.3811910351117452,
      "val_loss_std": 0.0018219447166051693,
      "2bit_deg": 59.81064916540851,
      "abs_quant2": 0.6091838677724203,
      "dead_latents": 0.0,
      "dead_experts": 0.0,
      "expert_entropy": 0.6032073145271623,
      "range": [
        -24.068883260091145,
        23.284561157226562
      ],
      "params": 344568584,
      "verdict": "NO-GO"
    },
    "V2_hybrid": {
      "val_loss": 0.2854340672492981,
      "val_loss_std": 0.0,
      "2bit_deg": 87.06167676212087,
      "abs_quant2": 0.5339377522468567,
      "dead_latents": 0.0,
      "dead_experts": 1.0,
      "expert_entropy": 0.5702681906160754,
      "range": [
        -19.634634017944336,
        18.81102752685547
      ],
      "params": 344568584,
      "verdict": "NO-GO"
    },
    "V3_chaos_router": {
      "val_loss": 0.4192754924297333,
      "val_loss_std": 0.0,
      "2bit_deg": 53.54091547878669,
      "abs_quant2": 0.6437594294548035,
      "dead_latents": 0.0,
      "dead_experts": 0.0,
      "expert_entropy": 0.8579264620244971,
      "range": [
        -28.83302116394043,
        25.71356201171875
      ],
      "params": 344568584,
      "verdict": "NO-GO"
    },
    "V4_scaled_moe": {
      "val_loss": 0.30503788590431213,
      "val_loss_std": 0.0,
      "2bit_deg": 67.80302974791441,
      "abs_quant2": 0.5118628144264221,
      "dead_latents": 0.0,
      "dead_experts": 0.0,
      "expert_entropy": 0.5580444108686813,
      "range": [
        -17.02705192565918,
        19.52928924560547
      ],
      "params": 344568584,
      "verdict": "NO-GO"
    },
    "V5_multipass": {
      "val_loss": 0.2537842094898224,
      "val_loss_std": 0.0,
      "2bit_deg": 16.508507636292748,
      "abs_quant2": 0.2956801950931549,
      "dead_latents": 0.0,
      "dead_experts": null,
      "expert_entropy": null,
      "range": [
        -2.9998676776885986,
        2.9999547004699707
      ],
      "params": 23602944,
      "verdict": "YELLOW"
    }
  }
}