{"E": 128, "use_chaos": false, "seed": 0, "inner_mult": 1, "batch_size": 32, "val_loss": 20.442684173583984, "params": 2440701824, "capacity_ratio": 6144.0, "dead_experts": 41, "expert_entropy": 0.49670764157273906, "nondegenerate": false, "selections": [3, 504, 0, 5, 0, 1, 3, 0, 307, 0, 2, 4, 0, 1, 1, 4, 2, 2, 389, 2, 9, 0, 2, 2, 6, 0, 3, 4, 1, 2, 0, 3, 1, 1, 1, 0, 0, 5, 3, 0, 0, 2, 7, 0, 0, 6, 4, 2, 0, 5, 0, 0, 2, 7, 3, 2, 0, 0, 3, 6, 3, 0, 0, 1, 1, 0, 0, 2, 0, 0, 3, 1, 5, 0, 2, 1, 2, 1, 4, 0, 0, 4, 3, 367, 70, 3, 0, 0, 0, 5, 2, 7, 1, 6, 0, 1, 0, 0, 1, 0, 2, 2, 2, 810, 8, 1, 2, 3, 1, 2, 1, 282, 0, 1, 19, 5, 0, 283, 741, 0, 2, 0, 6, 3, 4, 2, 0, 0], "ttd": 1, "recoveries": 1, "dead_per_epoch": [20, 11, 17, 21, 23, 29, 33, 41], "entropy_per_epoch": [0.5077823965008254, 0.579961712881671, 0.5554415911209032, 0.5410212299518179, 0.5320572980620764, 0.5123498335189604, 0.5133443688619271, 0.49670764157273906]}