{"E": 128, "use_chaos": true, "seed": 1, "inner_mult": 1, "batch_size": 32, "val_loss": 1.2871612310409546, "params": 2440701824, "capacity_ratio": 6144.0, "dead_experts": 1, "expert_entropy": 0.613016816251279, "nondegenerate": false, "selections": [10, 2, 76, 11, 9, 16, 8, 11, 5, 15, 3, 4, 267, 7, 20, 54, 13, 3, 16, 9, 9, 6, 10, 8, 8, 6, 6, 8, 7, 30, 11, 3, 8, 25, 3, 7, 9, 1, 12, 3, 5, 3, 1627, 33, 11, 14, 19, 4, 11, 12, 26, 16, 8, 4, 74, 114, 13, 36, 9, 8, 6, 8, 7, 2, 6, 10, 0, 5, 15, 11, 9, 5, 4, 12, 4, 6, 9, 10, 5, 6, 13, 22, 4, 11, 4, 10, 16, 10, 1, 9, 7, 4, 8, 12, 398, 14, 22, 7, 13, 12, 48, 1, 161, 8, 8, 24, 34, 2, 1, 11, 10, 3, 9, 17, 18, 6, 10, 8, 13, 16, 5, 6, 2, 7, 9, 7, 11, 22], "ttd": 1, "recoveries": 4, "dead_per_epoch": [4, 1, 2, 0, 1, 0, 2, 1], "entropy_per_epoch": [0.7773479376558302, 0.7161486540842267, 0.6808231800978425, 0.6368093428570815, 0.6211002332260978, 0.6193909514176678, 0.6123062948739739, 0.613016816251279]}