{"E": 128, "use_chaos": false, "seed": 1, "inner_mult": 1, "batch_size": 32, "val_loss": 25.32658576965332, "params": 2440701824, "capacity_ratio": 6144.0, "dead_experts": 47, "expert_entropy": 0.5023393776751764, "nondegenerate": false, "selections": [2, 1, 3, 0, 1, 0, 659, 1, 1, 1, 0, 276, 0, 2, 0, 0, 14, 6, 4, 0, 0, 0, 0, 4, 8, 0, 4, 154, 60, 0, 1, 5, 485, 2, 0, 3, 0, 5, 2, 2, 2, 2, 0, 0, 0, 2, 14, 0, 0, 1, 0, 3, 3, 3, 7, 7, 0, 0, 5, 0, 0, 0, 1, 6, 0, 1, 0, 1, 2, 2, 1, 3, 1, 0, 2, 0, 0, 776, 2, 1, 6, 431, 3, 1, 3, 1, 2, 1, 0, 123, 1, 9, 1, 2, 2, 1, 0, 0, 0, 0, 0, 300, 1, 0, 0, 6, 1, 0, 2, 8, 0, 0, 6, 0, 6, 7, 6, 0, 0, 0, 2, 3, 1, 0, 0, 507, 2, 1], "ttd": 1, "recoveries": 1, "dead_per_epoch": [25, 21, 21, 26, 32, 33, 37, 47], "entropy_per_epoch": [0.5110838318762856, 0.592775552630121, 0.5685634371759044, 0.5475771220243212, 0.5313924626072399, 0.520936889160922, 0.5145874235555004, 0.5023393776751764]}