{"E": 128, "use_chaos": true, "seed": 0, "inner_mult": 1, "batch_size": 32, "val_loss": 1.2844247817993164, "params": 2440701824, "capacity_ratio": 6144.0, "dead_experts": 16, "expert_entropy": 0.396476863893751, "nondegenerate": false, "selections": [1, 2, 2, 4, 2, 6, 9, 2, 90, 1, 8, 1, 2, 1, 0, 9, 0, 3, 2, 5, 2, 0, 2, 6, 0, 2, 3, 1, 2, 1, 4, 4, 3, 3, 1, 4, 1, 2, 5, 1, 0, 5, 0, 5, 2, 3, 0, 56, 5, 4, 1, 5, 1, 0, 3, 8, 2, 4, 3, 6, 2, 1, 4, 2, 8, 401, 3, 0, 8, 4, 2, 5, 19, 8, 3, 1, 1, 3, 1, 9, 2, 2, 0, 2, 4, 2, 1, 9, 4, 2, 6, 1, 6, 219, 0, 0, 0, 2, 6, 2, 3, 4, 3, 3, 2, 1, 0, 3, 5, 1224, 1, 3, 1, 6, 1, 12, 1, 2, 0, 18, 4, 4, 5, 1, 8, 4, 0, 1616], "ttd": 1, "recoveries": 2, "dead_per_epoch": [2, 8, 9, 13, 27, 12, 21, 16], "entropy_per_epoch": [0.6682639635918919, 0.5247877068596956, 0.4933353673683739, 0.44568356926706715, 0.4008559668746791, 0.4013005731278479, 0.3914572374521669, 0.396476863893751]}