{"E": 16, "use_chaos": false, "seed": 1, "inner_mult": 1, "batch_size": 256, "val_loss": 0.29184046387672424, "params": 325740304, "capacity_ratio": 6144.0, "dead_experts": 1, "expert_entropy": 0.7297562536323369, "nondegenerate": false, "selections": [204, 913, 75, 548, 1247, 325, 220, 42, 65, 0, 180, 59, 9, 30, 55, 28], "ttd": 8, "recoveries": 0, "dead_per_epoch": [0, 0, 0, 0, 0, 0, 0, 1], "entropy_per_epoch": [0.9735763321201885, 0.9449523554674227, 0.8880011873705735, 0.8096877624945081, 0.7784768441006984, 0.7384934572123041, 0.747593268604858, 0.7297562536323369]}