{"E": 16, "use_chaos": true, "seed": 1, "inner_mult": 1, "batch_size": 256, "val_loss": 0.332240492105484, "params": 325740304, "capacity_ratio": 6144.0, "dead_experts": 0, "expert_entropy": 0.4850764162689831, "nondegenerate": true, "selections": [1312, 36, 39, 62, 307, 6, 47, 19, 2000, 64, 11, 21, 2, 1, 63, 10], "ttd": null, "recoveries": 0, "dead_per_epoch": [0, 0, 0, 0, 0, 0, 0, 0], "entropy_per_epoch": [0.9942988284515961, 0.9624440349627317, 0.8324802422419181, 0.6275249952693913, 0.4999067311706028, 0.4788350633866882, 0.48228286901594136, 0.4850764162689831]}