{"E": 16, "use_chaos": false, "seed": 1, "inner_mult": 2, "batch_size": 256, "val_loss": 0.284478098154068, "params": 646656784, "capacity_ratio": 12288.0, "dead_experts": 8, "expert_entropy": 0.31846504115499125, "nondegenerate": false, "selections": [11, 0, 58, 0, 1, 0, 21, 0, 21, 0, 1928, 0, 0, 1922, 0, 38], "ttd": 4, "recoveries": 0, "dead_per_epoch": [0, 0, 0, 1, 4, 6, 7, 8], "entropy_per_epoch": [0.9701045876592279, 0.8886761332800285, 0.7087754670799988, 0.53050303668094, 0.4405584919828526, 0.39834141940839024, 0.3414452235346939, 0.31846504115499125]}