{"E": 16, "use_chaos": true, "seed": 0, "inner_mult": 2, "batch_size": 256, "val_loss": 0.3872743546962738, "params": 646656784, "capacity_ratio": 12288.0, "dead_experts": 0, "expert_entropy": 0.5078108093225853, "nondegenerate": true, "selections": [720, 2000, 12, 4, 60, 10, 15, 5, 12, 3, 893, 90, 115, 26, 2, 33], "ttd": null, "recoveries": 0, "dead_per_epoch": [0, 0, 0, 0, 0, 0, 0, 0], "entropy_per_epoch": [0.9920196713153775, 0.9733703518383532, 0.9222830016123125, 0.8284505768946073, 0.6718917191386157, 0.5619304776955523, 0.5116651116796338, 0.5078108093225853]}