{"E": 16, "use_chaos": false, "seed": 0, "inner_mult": 1, "batch_size": 256, "val_loss": 0.29023316502571106, "params": 325740304, "capacity_ratio": 6144.0, "dead_experts": 0, "expert_entropy": 0.7026058127748019, "nondegenerate": true, "selections": [1, 1447, 40, 199, 32, 1, 216, 8, 234, 111, 19, 181, 843, 4, 429, 235], "ttd": null, "recoveries": 0, "dead_per_epoch": [0, 0, 0, 0, 0, 0, 0, 0], "entropy_per_epoch": [0.9801128854099145, 0.9443437278006263, 0.8842868834888062, 0.7986234418278236, 0.748217181110669, 0.7241377548195675, 0.7106494519123796, 0.7026058127748019]}