{"E": 16, "use_chaos": true, "seed": 0, "inner_mult": 1, "batch_size": 256, "val_loss": 0.33763644099235535, "params": 325740304, "capacity_ratio": 6144.0, "dead_experts": 0, "expert_entropy": 0.46560792331912415, "nondegenerate": true, "selections": [31, 5, 4, 11, 16, 17, 6, 8, 24, 8, 801, 1964, 12, 1022, 69, 2], "ttd": null, "recoveries": 0, "dead_per_epoch": [0, 0, 0, 0, 0, 0, 0, 0], "entropy_per_epoch": [0.9902091873087681, 0.9459057550924448, 0.8199878329981817, 0.6597102387733146, 0.5232545017088631, 0.4860682800010993, 0.4605095172339645, 0.46560792331912415]}