{"E": 16, "use_chaos": false, "seed": 0, "inner_mult": 2, "batch_size": 256, "val_loss": 0.280651330947876, "params": 646656784, "capacity_ratio": 12288.0, "dead_experts": 7, "expert_entropy": 0.3317014122126975, "nondegenerate": false, "selections": [58, 0, 1924, 32, 47, 21, 0, 0, 0, 17, 0, 1895, 0, 2, 4, 0], "ttd": 5, "recoveries": 0, "dead_per_epoch": [0, 0, 0, 0, 3, 4, 6, 7], "entropy_per_epoch": [0.9636402386568238, 0.8872635289372383, 0.6422194123167567, 0.43502636428292263, 0.3659767838266377, 0.35051904030147296, 0.3357965999757991, 0.3317014122126975]}