{"E": 16, "use_chaos": true, "seed": 1, "inner_mult": 2, "batch_size": 256, "val_loss": 0.3925199806690216, "params": 646656784, "capacity_ratio": 12288.0, "dead_experts": 0, "expert_entropy": 0.507177029078977, "nondegenerate": true, "selections": [9, 6, 5, 66, 2, 7, 104, 1880, 10, 215, 12, 44, 136, 1379, 17, 108], "ttd": 7, "recoveries": 1, "dead_per_epoch": [0, 0, 0, 0, 0, 0, 1, 0], "entropy_per_epoch": [0.9939095343308787, 0.971544250857916, 0.945940363609357, 0.8529509600050482, 0.7408612534968666, 0.5878426645239397, 0.5172307892682987, 0.507177029078977]}