{"E": 32, "use_chaos": true, "seed": 0, "inner_mult": 1, "batch_size": 128, "val_loss": 0.5442849397659302, "params": 627877664, "capacity_ratio": 6144.0, "dead_experts": 3, "expert_entropy": 0.5577756944115793, "nondegenerate": false, "selections": [29, 3, 941, 235, 2, 3, 281, 0, 3, 5, 2, 1, 18, 1, 3, 143, 2, 0, 0, 1, 3, 3, 27, 4, 1, 44, 3, 432, 680, 1127, 2, 1], "ttd": 4, "recoveries": 1, "dead_per_epoch": [0, 0, 0, 1, 2, 6, 3, 3], "entropy_per_epoch": [0.9869591558721919, 0.9570639907784804, 0.6213775898246806, 0.6039631490172126, 0.597653000099348, 0.5809265751154512, 0.5725839897993484, 0.5577756944115793]}