{"E": 32, "use_chaos": false, "seed": 1, "inner_mult": 1, "batch_size": 128, "val_loss": 0.3673873543739319, "params": 627877664, "capacity_ratio": 6144.0, "dead_experts": 11, "expert_entropy": 0.4619332969199418, "nondegenerate": false, "selections": [0, 0, 0, 349, 0, 3, 40, 1, 10, 38, 2, 50, 0, 612, 0, 147, 2, 2, 0, 0, 1956, 674, 0, 0, 3, 10, 10, 26, 36, 0, 20, 9], "ttd": 3, "recoveries": 1, "dead_per_epoch": [0, 0, 3, 5, 8, 4, 7, 11], "entropy_per_epoch": [0.9134117823404728, 0.6656181267948761, 0.5625582858228996, 0.5152680969993724, 0.4968151220361842, 0.4965038825381029, 0.4770279367222198, 0.4619332969199418]}