{"E": 32, "use_chaos": false, "seed": 1, "inner_mult": 2, "batch_size": 64, "val_loss": 1.6436327695846558, "params": 1250833184, "capacity_ratio": 12288.0, "dead_experts": 0, "expert_entropy": 0.716937298004376, "nondegenerate": true, "selections": [15, 612, 43, 23, 17, 16, 71, 21, 11, 570, 18, 110, 7, 38, 31, 23, 1088, 186, 39, 85, 368, 38, 17, 11, 37, 216, 35, 169, 23, 17, 26, 19], "ttd": null, "recoveries": 0, "dead_per_epoch": [0, 0, 0, 0, 0, 0, 0, 0], "entropy_per_epoch": [0.675718498650922, 0.5943667233436895, 0.5596193120318504, 0.5859952018433441, 0.7274022136914661, 0.7194862322199161, 0.7152633815012042, 0.716937298004376]}