{"E": 32, "use_chaos": false, "seed": 0, "inner_mult": 1, "batch_size": 128, "val_loss": 0.37219223380088806, "params": 627877664, "capacity_ratio": 6144.0, "dead_experts": 5, "expert_entropy": 0.4384116390940393, "nondegenerate": false, "selections": [0, 4, 5, 23, 1, 0, 6, 17, 2, 212, 1, 17, 4, 1, 66, 1221, 5, 0, 2, 270, 3, 13, 2, 39, 0, 1, 3, 255, 2, 0, 1823, 2], "ttd": 3, "recoveries": 1, "dead_per_epoch": [0, 0, 2, 2, 3, 5, 7, 5], "entropy_per_epoch": [0.9180757997072344, 0.6380330754568582, 0.5257781492589805, 0.49956431219147507, 0.47088063785625317, 0.448092590748562, 0.41959677095815295, 0.4384116390940393]}