{"E": 32, "use_chaos": true, "seed": 1, "inner_mult": 2, "batch_size": 64, "val_loss": 1.3280692100524902, "params": 1250833184, "capacity_ratio": 12288.0, "dead_experts": 0, "expert_entropy": 0.6385695837674479, "nondegenerate": true, "selections": [11, 31, 24, 1174, 716, 21, 71, 66, 863, 23, 15, 28, 40, 12, 19, 38, 35, 12, 442, 40, 25, 19, 37, 23, 47, 21, 20, 24, 23, 25, 36, 19], "ttd": null, "recoveries": 0, "dead_per_epoch": [0, 0, 0, 0, 0, 0, 0, 0], "entropy_per_epoch": [0.6961045519916877, 0.6197245871418224, 0.6135350936028863, 0.5896253671308842, 0.5812252723732249, 0.5729494268484517, 0.6514378958399148, 0.6385695837674479]}