{"E": 32, "use_chaos": false, "seed": 0, "inner_mult": 2, "batch_size": 64, "val_loss": 2.8621232509613037, "params": 1250833184, "capacity_ratio": 12288.0, "dead_experts": 0, "expert_entropy": 0.6779363035579712, "nondegenerate": true, "selections": [23, 15, 90, 62, 119, 6, 52, 8, 11, 12, 7, 31, 26, 80, 11, 74, 20, 594, 39, 57, 18, 14, 54, 974, 605, 7, 20, 71, 59, 812, 21, 8], "ttd": 3, "recoveries": 1, "dead_per_epoch": [0, 0, 3, 0, 0, 0, 0, 0], "entropy_per_epoch": [0.6350597037239456, 0.4782239585139049, 0.45124018289411866, 0.5040296537403636, 0.6757012282888427, 0.6775646458160994, 0.6737890567937538, 0.6779363035579712]}