{"E": 32, "use_chaos": true, "seed": 0, "inner_mult": 2, "batch_size": 64, "val_loss": 0.9557960033416748, "params": 1250833184, "capacity_ratio": 12288.0, "dead_experts": 0, "expert_entropy": 0.6041086368877501, "nondegenerate": true, "selections": [33, 42, 23, 30, 10, 32, 38, 25, 29, 24, 14, 27, 467, 49, 1360, 30, 50, 115, 27, 69, 19, 6, 36, 1202, 42, 31, 14, 24, 23, 11, 14, 84], "ttd": 1, "recoveries": 1, "dead_per_epoch": [1, 0, 0, 0, 0, 0, 0, 0], "entropy_per_epoch": [0.8599928687897146, 0.696970218512627, 0.668133053464467, 0.643699235326473, 0.6327872119082443, 0.6244120133865947, 0.6042424716835002, 0.6041086368877501]}