{"E": 32, "use_chaos": true, "seed": 1, "inner_mult": 1, "batch_size": 128, "val_loss": 0.6742262244224548, "params": 627877664, "capacity_ratio": 6144.0, "dead_experts": 0, "expert_entropy": 0.6081917817517769, "nondegenerate": true, "selections": [7, 6, 13, 32, 6, 3, 616, 8, 5, 1, 3, 10, 15, 2, 19, 3, 6, 10, 15, 543, 13, 4, 9, 104, 828, 1, 273, 4, 64, 944, 424, 9], "ttd": 4, "recoveries": 2, "dead_per_epoch": [0, 0, 0, 2, 0, 0, 1, 0], "entropy_per_epoch": [0.9914554288447078, 0.9765145832107599, 0.8559248650892657, 0.3154103424884105, 0.6492339570109157, 0.6274059680054566, 0.6205420032882645, 0.6081917817517769]}