{"E": 64, "use_chaos": true, "seed": 0, "inner_mult": 1, "batch_size": 64, "val_loss": 0.9446848630905151, "params": 1232152384, "capacity_ratio": 6144.0, "dead_experts": 6, "expert_entropy": 0.4510537361980316, "nondegenerate": false, "selections": [1, 2, 5, 3, 1, 1, 1, 5, 0, 0, 1, 2, 1, 1076, 3, 18, 3, 5, 2, 2, 2, 4, 0, 2, 8, 2, 0, 1, 0, 1, 4, 2, 764, 2, 6, 4, 11, 3, 4, 1040, 2, 3, 10, 11, 56, 22, 10, 3, 3, 4, 1, 1, 621, 7, 0, 2, 234, 3, 2, 1, 4, 2, 2, 4], "ttd": 1, "recoveries": 3, "dead_per_epoch": [1, 2, 1, 2, 5, 4, 9, 6], "entropy_per_epoch": [0.8644707581186485, 0.5854849369810581, 0.5409137735056834, 0.5086086426282854, 0.4863009924297035, 0.47284744036664267, 0.4506761963197611, 0.4510537361980316]}