{"E": 64, "use_chaos": true, "seed": 0, "inner_mult": 2, "batch_size": 32, "val_loss": 1.5809413194656372, "params": 2459185984, "capacity_ratio": 12288.0, "dead_experts": 0, "expert_entropy": 0.6445255614617824, "nondegenerate": true, "selections": [26, 59, 32, 8, 11, 25, 11, 6, 5, 14, 43, 34, 49, 567, 20, 18, 51, 10, 10, 1619, 28, 17, 16, 8, 29, 33, 123, 22, 33, 37, 12, 25, 14, 43, 53, 27, 13, 18, 14, 38, 7, 11, 17, 11, 14, 13, 36, 30, 35, 11, 14, 297, 14, 19, 22, 63, 9, 16, 17, 23, 38, 29, 18, 15], "ttd": null, "recoveries": 0, "dead_per_epoch": [0, 0, 0, 0, 0, 0, 0, 0], "entropy_per_epoch": [0.822094639815234, 0.7147187735530303, 0.6919597849047605, 0.6663548206072302, 0.6610228964662811, 0.6751712628438389, 0.6516197955333902, 0.6445255614617824]}