{"E": 64, "use_chaos": true, "seed": 1, "inner_mult": 1, "batch_size": 64, "val_loss": 0.9567133784294128, "params": 1232152384, "capacity_ratio": 6144.0, "dead_experts": 8, "expert_entropy": 0.3723841604773866, "nondegenerate": false, "selections": [3, 9, 2, 7, 2, 3, 4, 0, 0, 6, 1, 5, 0, 1616, 5, 4, 0, 1, 3, 3, 6, 0, 6, 0, 6, 1, 11, 3, 4, 2, 4, 90, 4, 115, 10, 8, 1, 3, 5, 5, 3, 11, 4, 1, 4, 2, 1, 4, 5, 3, 6, 1500, 12, 7, 448, 8, 5, 4, 3, 4, 4, 0, 0, 3], "ttd": 4, "recoveries": 1, "dead_per_epoch": [0, 0, 0, 1, 2, 0, 3, 8], "entropy_per_epoch": [0.953741604317777, 0.7669487475719219, 0.636064303670175, 0.5401833739883447, 0.4816410267877677, 0.40495340958100323, 0.40188656085855295, 0.3723841604773866]}