{"E": 64, "use_chaos": false, "seed": 0, "inner_mult": 1, "batch_size": 64, "val_loss": 4.169378280639648, "params": 1232152384, "capacity_ratio": 6144.0, "dead_experts": 0, "expert_entropy": 0.5640380482291171, "nondegenerate": true, "selections": [80, 3, 27, 3, 10, 11, 876, 7, 3, 2, 5, 5, 5, 6, 828, 14, 2, 1, 3, 11, 5, 1, 12, 22, 6, 13, 24, 3, 9, 695, 20, 560, 12, 1, 3, 5, 8, 5, 16, 8, 12, 16, 1, 22, 10, 10, 7, 3, 6, 4, 357, 6, 9, 10, 4, 14, 12, 1, 18, 8, 127, 2, 7, 4], "ttd": 1, "recoveries": 5, "dead_per_epoch": [2, 11, 4, 6, 4, 2, 1, 0], "entropy_per_epoch": [0.6653305943360724, 0.5492941583277102, 0.5138972418949956, 0.5208613199443425, 0.5849934714645569, 0.5767794299719663, 0.5767556289461951, 0.5640380482291171]}