{"E": 64, "use_chaos": false, "seed": 1, "inner_mult": 1, "batch_size": 64, "val_loss": 4.187562465667725, "params": 1232152384, "capacity_ratio": 6144.0, "dead_experts": 2, "expert_entropy": 0.6318926368225419, "nondegenerate": false, "selections": [11, 25, 14, 5, 167, 10, 6, 16, 5, 9, 102, 28, 24, 18, 475, 4, 14, 16, 4, 7, 7, 152, 7, 20, 484, 9, 9, 2, 12, 30, 37, 15, 0, 262, 7, 14, 7, 9, 40, 7, 3, 11, 4, 12, 7, 7, 6, 6, 19, 22, 968, 707, 9, 10, 6, 2, 12, 45, 5, 0, 3, 20, 5, 21], "ttd": 2, "recoveries": 1, "dead_per_epoch": [0, 1, 0, 0, 0, 1, 1, 2], "entropy_per_epoch": [0.6039187967853149, 0.5591150934118935, 0.7047918637645177, 0.6589338298861824, 0.6470217388640169, 0.6441969911420659, 0.6443616672580839, 0.6318926368225419]}