{"E": 64, "use_chaos": false, "seed": 0, "inner_mult": 2, "batch_size": 32, "val_loss": 57.42631530761719, "params": 2459185984, "capacity_ratio": 12288.0, "dead_experts": 5, "expert_entropy": 0.6036799458978329, "nondegenerate": false, "selections": [8, 4, 0, 1, 3, 3, 6, 6, 8, 5, 2, 2, 134, 9, 39, 6, 19, 7, 1, 6, 3, 0, 529, 3, 475, 2, 1, 0, 4, 8, 3, 3, 0, 2, 2, 2, 2, 3, 1, 168, 6, 2, 306, 4, 435, 468, 2, 1, 3, 2, 0, 2, 2, 684, 8, 12, 6, 260, 299, 3, 2, 4, 5, 4], "ttd": 1, "recoveries": 3, "dead_per_epoch": [5, 1, 1, 4, 2, 4, 2, 5], "entropy_per_epoch": [0.5728676503912311, 0.68223006728251, 0.6576220083152877, 0.638748746072616, 0.629949124036846, 0.6114712431145168, 0.6108208547813706, 0.6036799458978329]}