{"E": 64, "use_chaos": true, "seed": 1, "inner_mult": 2, "batch_size": 32, "val_loss": 1.9212089776992798, "params": 2459185984, "capacity_ratio": 12288.0, "dead_experts": 0, "expert_entropy": 0.6419435087160829, "nondegenerate": true, "selections": [7, 15, 11, 16, 21, 13, 42, 10, 18, 10, 10, 6, 379, 45, 17, 21, 5, 15, 7, 19, 18, 30, 32, 19, 8, 26, 10, 45, 17, 5, 12, 22, 7, 172, 46, 72, 15, 17, 34, 13, 14, 1520, 598, 23, 31, 60, 21, 11, 12, 5, 48, 67, 17, 18, 45, 19, 16, 16, 15, 17, 43, 39, 16, 22], "ttd": null, "recoveries": 0, "dead_per_epoch": [0, 0, 0, 0, 0, 0, 0, 0], "entropy_per_epoch": [0.7104112065844188, 0.6667141557717279, 0.7057073188875699, 0.6962040004802835, 0.6895497251227216, 0.6651963115236231, 0.6454214114019028, 0.6419435087160829]}