{"E": 64, "use_chaos": false, "seed": 1, "inner_mult": 2, "batch_size": 32, "val_loss": 24.74541664123535, "params": 2459185984, "capacity_ratio": 12288.0, "dead_experts": 0, "expert_entropy": 0.628693077592095, "nondegenerate": true, "selections": [21, 19, 4, 7, 12, 7, 9, 9, 4, 22, 9, 5, 28, 13, 67, 62, 4, 6, 16, 4, 5, 3, 43, 8, 33, 12, 8, 6, 13, 646, 8, 5, 12, 6, 1, 430, 3, 12, 6, 6, 61, 20, 516, 7, 13, 18, 913, 18, 22, 5, 479, 3, 6, 196, 6, 5, 8, 25, 5, 7, 5, 35, 28, 5], "ttd": 6, "recoveries": 1, "dead_per_epoch": [0, 0, 0, 0, 0, 1, 1, 0], "entropy_per_epoch": [0.5787027418779818, 0.6948004974851171, 0.6858603740831127, 0.6752767903310696, 0.6578199548477416, 0.6411677199874837, 0.6274500312020597, 0.628693077592095]}