{"E": 8, "use_chaos": true, "seed": 0, "inner_mult": 1, "batch_size": 256, "val_loss": 0.3446042835712433, "params": 174671624, "capacity_ratio": 6144.0, "dead_experts": 0, "expert_entropy": 0.64689350231807, "nondegenerate": true, "selections": [528, 116, 1419, 1664, 162, 13, 95, 3], "ttd": null, "recoveries": 0, "dead_per_epoch": [0, 0, 0, 0, 0, 0, 0, 0], "entropy_per_epoch": [0.996843504033928, 0.9884172884754986, 0.9272738855098089, 0.8443899668584272, 0.7751160705106551, 0.7266761552707673, 0.6752877817335264, 0.64689350231807]}