{"E": 8, "use_chaos": false, "seed": 0, "inner_mult": 1, "batch_size": 256, "val_loss": 0.2926894724369049, "params": 174671624, "capacity_ratio": 6144.0, "dead_experts": 0, "expert_entropy": 0.915705661708731, "nondegenerate": true, "selections": [461, 513, 800, 854, 662, 19, 255, 436], "ttd": null, "recoveries": 0, "dead_per_epoch": [0, 0, 0, 0, 0, 0, 0, 0], "entropy_per_epoch": [0.986530593402585, 0.9838201013277654, 0.957650771335577, 0.9589477711665557, 0.9413329474206938, 0.9280173666990282, 0.9178042238707694, 0.915705661708731]}