{"E": 8, "use_chaos": true, "seed": 1, "inner_mult": 1, "batch_size": 256, "val_loss": 0.3362588584423065, "params": 174671624, "capacity_ratio": 6144.0, "dead_experts": 0, "expert_entropy": 0.6333421214677393, "nondegenerate": true, "selections": [87, 243, 18, 473, 1260, 1863, 44, 12], "ttd": null, "recoveries": 0, "dead_per_epoch": [0, 0, 0, 0, 0, 0, 0, 0], "entropy_per_epoch": [0.9966889471135214, 0.9794092271945354, 0.9142561234947401, 0.7893247097802296, 0.6944841234509856, 0.6595942498531541, 0.6268514231272282, 0.6333421214677393]}