{"E": 8, "use_chaos": false, "seed": 1, "inner_mult": 2, "batch_size": 256, "val_loss": 0.28967180848121643, "params": 344568584, "capacity_ratio": 12288.0, "dead_experts": 1, "expert_entropy": 0.5572224277251744, "nondegenerate": false, "selections": [1114, 807, 0, 7, 11, 1968, 42, 51], "ttd": 5, "recoveries": 1, "dead_per_epoch": [0, 0, 0, 0, 1, 0, 1, 1], "entropy_per_epoch": [0.9578718515743891, 0.7835813623466783, 0.6449758481707706, 0.5985364894417438, 0.5734290160585737, 0.5741299408564919, 0.5694646571926346, 0.5572224277251744]}