{"E": 8, "use_chaos": true, "seed": 1, "inner_mult": 2, "batch_size": 256, "val_loss": 0.38668349385261536, "params": 344568584, "capacity_ratio": 12288.0, "dead_experts": 0, "expert_entropy": 0.5504058677303967, "nondegenerate": true, "selections": [188, 39, 23, 1687, 47, 111, 49, 1856], "ttd": null, "recoveries": 0, "dead_per_epoch": [0, 0, 0, 0, 0, 0, 0, 0], "entropy_per_epoch": [0.9966152404635652, 0.9580665808561831, 0.8594855961940631, 0.7312609299079819, 0.6351787135327179, 0.6070367869017118, 0.572997628796256, 0.5504058677303967]}