{"E": 8, "use_chaos": false, "seed": 1, "inner_mult": 1, "batch_size": 256, "val_loss": 0.29238659143447876, "params": 174671624, "capacity_ratio": 6144.0, "dead_experts": 0, "expert_entropy": 0.8478562576876053, "nondegenerate": true, "selections": [104, 1304, 983, 184, 293, 492, 111, 529], "ttd": null, "recoveries": 0, "dead_per_epoch": [0, 0, 0, 0, 0, 0, 0, 0], "entropy_per_epoch": [0.987990552230466, 0.9582548456475775, 0.914545721574652, 0.8721567173454478, 0.8673181704047421, 0.8501085483343018, 0.8527481042077228, 0.8478562576876053]}