{"E": 8, "use_chaos": true, "seed": 0, "inner_mult": 2, "batch_size": 256, "val_loss": 0.3918897807598114, "params": 344568584, "capacity_ratio": 12288.0, "dead_experts": 0, "expert_entropy": 0.588061808685574, "nondegenerate": true, "selections": [4, 47, 1681, 973, 1216, 54, 7, 18], "ttd": null, "recoveries": 0, "dead_per_epoch": [0, 0, 0, 0, 0, 0, 0, 0], "entropy_per_epoch": [0.9925996974095431, 0.9651235445776126, 0.9051144882200859, 0.8123687875638803, 0.7297595053143131, 0.6406815919034375, 0.6076347116615876, 0.588061808685574]}