{"E": 8, "use_chaos": false, "seed": 0, "inner_mult": 2, "batch_size": 256, "val_loss": 0.2874925136566162, "params": 344568584, "capacity_ratio": 12288.0, "dead_experts": 1, "expert_entropy": 0.5164815259785308, "nondegenerate": false, "selections": [0, 47, 198, 1836, 82, 31, 1775, 31], "ttd": 7, "recoveries": 0, "dead_per_epoch": [0, 0, 0, 0, 0, 0, 1, 1], "entropy_per_epoch": [0.9590540176290656, 0.7792132530777014, 0.5858138439121255, 0.5323829717142551, 0.5177853912689103, 0.5177963760943496, 0.5134574808565374, 0.5164815259785308]}