{
  "experiment": "looped_chaos_prototype_stage1",
  "timestamp": "20260423_193809",
  "config": {
    "input_dim": 768,
    "latent_dim": 3072,
    "k_active": 307,
    "T_sweep": [
      0,
      2,
      4,
      8
    ],
    "bits_sweep": [
      2,
      3,
      4,
      6,
      8
    ],
    "num_runs": 3,
    "epochs": 8,
    "target_layer": 6,
    "activation_dim": 768
  },
  "results": {
    "0": [
      {
        "T": 0,
        "run": 0,
        "params": 4722432,
        "val_loss": 0.16865485906600952,
        "dead": 0,
        "dead_pct": 0.0,
        "lat_var": 0.1005987897515297,
        "lat_range": [
          -1.499996542930603,
          1.499996542930603
        ],
        "quant": {
          "2": 0.1858689785003662,
          "3": 0.17263589799404144,
          "4": 0.1691761016845703,
          "6": 0.16867680847644806,
          "8": 0.16865478456020355
        }
      },
      {
        "T": 0,
        "run": 1,
        "params": 4722432,
        "val_loss": 0.16851775348186493,
        "dead": 0,
        "dead_pct": 0.0,
        "lat_var": 0.10081290453672409,
        "lat_range": [
          -1.499996542930603,
          1.499996542930603
        ],
        "quant": {
          "2": 0.1859268695116043,
          "3": 0.1724400669336319,
          "4": 0.16905871033668518,
          "6": 0.1685417741537094,
          "8": 0.16851836442947388
        }
      },
      {
        "T": 0,
        "run": 2,
        "params": 4722432,
        "val_loss": 0.16899357736110687,
        "dead": 0,
        "dead_pct": 0.0,
        "lat_var": 0.10076536238193512,
        "lat_range": [
          -1.499996542930603,
          1.499996542930603
        ],
        "quant": {
          "2": 0.18632033467292786,
          "3": 0.17289449274539948,
          "4": 0.1695215106010437,
          "6": 0.16900990903377533,
          "8": 0.16899430751800537
        }
      }
    ],
    "2": [
      {
        "T": 2,
        "run": 0,
        "params": 14162688,
        "val_loss": 0.33524248003959656,
        "dead": 0,
        "dead_pct": 0.0,
        "lat_var": 0.2132483720779419,
        "lat_range": [
          -4.493022441864014,
          4.489858150482178
        ],
        "quant": {
          "2": 0.38673338294029236,
          "3": 0.33545663952827454,
          "4": 0.3370771110057831,
          "6": 0.33535605669021606,
          "8": 0.33524900674819946
        }
      },
      {
        "T": 2,
        "run": 1,
        "params": 14162688,
        "val_loss": 0.3353573977947235,
        "dead": 0,
        "dead_pct": 0.0,
        "lat_var": 0.21227014064788818,
        "lat_range": [
          -4.490080833435059,
          4.484506607055664
        ],
        "quant": {
          "2": 0.38756516575813293,
          "3": 0.33564844727516174,
          "4": 0.33702442049980164,
          "6": 0.3354502022266388,
          "8": 0.33536121249198914
        }
      },
      {
        "T": 2,
        "run": 2,
        "params": 14162688,
        "val_loss": 0.33506688475608826,
        "dead": 0,
        "dead_pct": 0.0,
        "lat_var": 0.212820366024971,
        "lat_range": [
          -4.478906631469727,
          4.484713077545166
        ],
        "quant": {
          "2": 0.38834303617477417,
          "3": 0.33539554476737976,
          "4": 0.3369320034980774,
          "6": 0.33515632152557373,
          "8": 0.3350736200809479
        }
      }
    ],
    "4": [
      {
        "T": 4,
        "run": 0,
        "params": 14162688,
        "val_loss": 0.5492372512817383,
        "dead": 0,
        "dead_pct": 0.0,
        "lat_var": 0.2687528431415558,
        "lat_range": [
          -7.223877429962158,
          7.00614595413208
        ],
        "quant": {
          "2": 0.6132937073707581,
          "3": 0.5512003898620605,
          "4": 0.5505945086479187,
          "6": 0.5493119955062866,
          "8": 0.5492430925369263
        }
      },
      {
        "T": 4,
        "run": 1,
        "params": 14162688,
        "val_loss": 0.5482514500617981,
        "dead": 0,
        "dead_pct": 0.0,
        "lat_var": 0.2690241038799286,
        "lat_range": [
          -7.3751325607299805,
          7.00228214263916
        ],
        "quant": {
          "2": 0.608479917049408,
          "3": 0.5498671531677246,
          "4": 0.5496527552604675,
          "6": 0.5483267307281494,
          "8": 0.5482533574104309
        }
      },
      {
        "T": 4,
        "run": 2,
        "params": 14162688,
        "val_loss": 0.55064457654953,
        "dead": 0,
        "dead_pct": 0.0,
        "lat_var": 0.2640646994113922,
        "lat_range": [
          -6.884481430053711,
          6.935327529907227
        ],
        "quant": {
          "2": 0.6127864718437195,
          "3": 0.5525383949279785,
          "4": 0.5519678592681885,
          "6": 0.5506951212882996,
          "8": 0.5506495237350464
        }
      }
    ],
    "8": [
      {
        "T": 8,
        "run": 0,
        "params": 14162688,
        "val_loss": 0.5428303480148315,
        "dead": 0,
        "dead_pct": 0.0,
        "lat_var": 4.1742753982543945,
        "lat_range": [
          -13.458333969116211,
          13.457365036010742
        ],
        "quant": {
          "2": 0.5786222219467163,
          "3": 0.5521738529205322,
          "4": 0.5448208451271057,
          "6": 0.5429386496543884,
          "8": 0.5428391098976135
        }
      },
      {
        "T": 8,
        "run": 1,
        "params": 14162688,
        "val_loss": 0.5416913628578186,
        "dead": 0,
        "dead_pct": 0.0,
        "lat_var": 4.136962413787842,
        "lat_range": [
          -13.468984603881836,
          13.489490509033203
        ],
        "quant": {
          "2": 0.5786658525466919,
          "3": 0.5511681437492371,
          "4": 0.5436887145042419,
          "6": 0.5418061017990112,
          "8": 0.5417026281356812
        }
      },
      {
        "T": 8,
        "run": 2,
        "params": 14162688,
        "val_loss": 0.5437808632850647,
        "dead": 0,
        "dead_pct": 0.0,
        "lat_var": 4.262206554412842,
        "lat_range": [
          -13.458392143249512,
          13.469666481018066
        ],
        "quant": {
          "2": 0.5787588357925415,
          "3": 0.5532477498054504,
          "4": 0.5457692742347717,
          "6": 0.5439161062240601,
          "8": 0.5437884330749512
        }
      }
    ]
  },
  "summary": {
    "0": {
      "val_loss_mean": 0.16872206330299377,
      "val_loss_std": 0.0001999823294121918,
      "dead_pct": 0.0,
      "lat_var": 0.10072568555672963,
      "lat_range": [
        -1.499996542930603,
        1.499996542930603
      ],
      "degradation": {
        "2": 10.263426086451696,
        "3": 2.3320932925634823,
        "4": 0.3141522972136445,
        "6": 0.012308557188035887,
        "8": 0.0002502337624985513
      }
    },
    "2": {
      "val_loss_mean": 0.3352222541968028,
      "val_loss_std": 0.00011946064886762568,
      "dead_pct": 0.0,
      "lat_var": 0.21277962625026703,
      "lat_range": [
        -4.4873366355896,
        4.486359278361003
      ],
      "degradation": {
        "2": 15.609029563476224,
        "3": 0.08291702693442604,
        "4": 0.5336531555870333,
        "6": 0.02941509683170169,
        "8": 0.0016980506230675227
      }
    },
    "4": {
      "val_loss_mean": 0.5493777592976888,
      "val_loss_std": 0.0009820286735395625,
      "dead_pct": 0.0,
      "lat_var": 0.26728054881095886,
      "lat_range": [
        -7.161163806915283,
        6.981251875559489
      ],
      "degradation": {
        "2": 11.311392159324782,
        "3": 0.3320520335402219,
        "4": 0.24766475735058333,
        "6": 0.012169503058968736,
        "8": 0.0007703132694091458
      }
    },
    "8": {
      "val_loss_mean": 0.5427675247192383,
      "val_loss_std": 0.0008541908778554907,
      "dead_pct": 0.0,
      "lat_var": 4.191148122151692,