{
  "experiment": "coefficient_justification",
  "timestamp": "2026-04-15T16:36:00.705072",
  "config": {
    "a_values": [
      0.5,
      1,
      2,
      4,
      8,
      16
    ],
    "w_values": [
      0.1,
      0.25,
      0.5,
      0.75,
      1.0
    ],
    "b_fixed": 4.0,
    "num_runs": 3,
    "epochs": 10,
    "input_dim": 64,
    "latent_dim": 128,
    "k_active": 32
  },
  "spectral_stats": {
    "Logistic Map": {
      "mean_freq": 0.2650287414800831,
      "median_freq": 0.265625,
      "hf_power_ratio": 0.8292748928070068,
      "total_power": 218.7987518310547
    },
    "Lorenz-96": {
      "mean_freq": 0.24344605690736035,
      "median_freq": 0.234375,
      "hf_power_ratio": 0.8214146494865417,
      "total_power": 215.3385467529297
    },
    "Sinusoidal": {
      "mean_freq": 0.09300434187352012,
      "median_freq": 0.0625,
      "hf_power_ratio": 0.20202940702438354,
      "total_power": 105.38795471191406
    },
    "MNIST": {
      "mean_freq": 0.17967903059976428,
      "median_freq": 0.15625,
      "hf_power_ratio": 0.5995010733604431,
      "total_power": 8.681431770324707
    }
  },
  "optimal_a_per_domain": {
    "Logistic Map": 0.5,
    "Lorenz-96": 1,
    "Sinusoidal": 1,
    "MNIST": 0.5
  },
  "sweep_results": {
    "Logistic Map": {
      "a=0.5_w=0.1": {
        "loss_mean": 0.20158793528874716,
        "loss_std": 0.0006765104234325554,
        "dead_mean": 0.0
      },
      "a=0.5_w=0.25": {
        "loss_mean": 0.19689583281675974,
        "loss_std": 0.0016639121699487153,
        "dead_mean": 0.0
      },
      "a=0.5_w=0.5": {
        "loss_mean": 0.19661884009838104,
        "loss_std": 0.0011047475407046892,
        "dead_mean": 0.0
      },
      "a=0.5_w=0.75": {
        "loss_mean": 0.20347709953784943,
        "loss_std": 0.000924235983640567,
        "dead_mean": 0.0
      },
      "a=0.5_w=1.0": {
        "loss_mean": 0.210715189576149,
        "loss_std": 0.0019642321220317946,
        "dead_mean": 0.0
      },
      "a=1_w=0.1": {
        "loss_mean": 0.2012214461962382,
        "loss_std": 0.001274432391731306,
        "dead_mean": 0.0
      },
      "a=1_w=0.25": {
        "loss_mean": 0.1973385363817215,
        "loss_std": 0.0014580068320733032,
        "dead_mean": 0.0
      },
      "a=1_w=0.5": {
        "loss_mean": 0.19806095461050668,
        "loss_std": 0.0014679039094861316,
        "dead_mean": 0.0
      },
      "a=1_w=0.75": {
        "loss_mean": 0.20277360578378043,
        "loss_std": 0.0009571045761846729,
        "dead_mean": 0.0
      },
      "a=1_w=1.0": {
        "loss_mean": 0.20666376252969107,
        "loss_std": 0.0011632166072034695,
        "dead_mean": 0.0
      },
      "a=2_w=0.1": {
        "loss_mean": 0.6797293821970621,
        "loss_std": 0.003101214087833046,
        "dead_mean": 0.0
      },
      "a=2_w=0.25": {
        "loss_mean": 0.6881526311238607,
        "loss_std": 0.0051265166825516595,
        "dead_mean": 0.0
      },
      "a=2_w=0.5": {
        "loss_mean": 0.6852078636487325,
        "loss_std": 0.0031149521130788673,
        "dead_mean": 0.0
      },
      "a=2_w=0.75": {
        "loss_mean": 0.6906136075655619,
        "loss_std": 0.007018859734096951,
        "dead_mean": 0.0
      },
      "a=2_w=1.0": {
        "loss_mean": 0.6885838309923807,
        "loss_std": 0.004535186009009236,
        "dead_mean": 0.0
      },
      "a=4_w=0.1": {
        "loss_mean": 0.9132505655288696,
        "loss_std": 0.0015531486897278229,
        "dead_mean": 0.0
      },
      "a=4_w=0.25": {
        "loss_mean": 0.892673114935557,
        "loss_std": 0.0013222553546604107,
        "dead_mean": 0.0
      },
      "a=4_w=0.5": {
        "loss_mean": 0.8838812112808228,
        "loss_std": 0.001259043719780805,
        "dead_mean": 0.0
      },
      "a=4_w=0.75": {
        "loss_mean": 0.8727131684621176,
        "loss_std": 0.0029471835474669675,
        "dead_mean": 0.0
      },
      "a=4_w=1.0": {
        "loss_mean": 0.8648767073949178,
        "loss_std": 0.002665282895476139,
        "dead_mean": 0.0
      },
      "a=8_w=0.1": {
        "loss_mean": 0.9193936586380005,
        "loss_std": 0.000998451743780055,
        "dead_mean": 0.0
      },
      "a=8_w=0.25": {
        "loss_mean": 0.8338015278180441,
        "loss_std": 0.004144461130937803,
        "dead_mean": 0.0
      },
      "a=8_w=0.5": {
        "loss_mean": 0.800798773765564,
        "loss_std": 0.0030162477246067723,
        "dead_mean": 0.0
      },
      "a=8_w=0.75": {
        "loss_mean": 0.7692911426226298,
        "loss_std": 0.003384247553699562,
        "dead_mean": 0.0
      },
      "a=8_w=1.0": {
        "loss_mean": 0.7413631081581116,
        "loss_std": 0.0009375042223519821,
        "dead_mean": 0.0
      },
      "a=16_w=0.1": {
        "loss_mean": 0.9238269130388895,
        "loss_std": 0.0032625300356155847,
        "dead_mean": 0.0
      },
      "a=16_w=0.25": {
        "loss_mean": 0.7993210752805074,
        "loss_std": 0.0018147461825214364,
        "dead_mean": 0.0
      },
      "a=16_w=0.5": {
        "loss_mean": 0.7534330089886984,
        "loss_std": 0.0002627470518420942,
        "dead_mean": 0.0
      },
      "a=16_w=0.75": {
        "loss_mean": 0.7180268963177999,
        "loss_std": 0.0031305830089481323,
        "dead_mean": 0.0
      },
      "a=16_w=1.0": {
        "loss_mean": 0.6926056742668152,
        "loss_std": 0.0020529616202549306,
        "dead_mean": 0.0
      }
    },
    "Lorenz-96": {
      "a=0.5_w=0.1": {
        "loss_mean": 0.2024681717157364,
        "loss_std": 0.001588837034327599,
        "dead_mean": 0.0
      },
      "a=0.5_w=0.25": {
        "loss_mean": 0.19730529189109802,
        "loss_std": 0.001585774274455765,
        "dead_mean": 0.0
      },
      "a=0.5_w=0.5": {
        "loss_mean": 0.19399131834506989,
        "loss_std": 0.000781321049511852,
        "dead_mean": 0.0
      },
      "a=0.5_w=0.75": {
        "loss_mean": 0.19653422633806863,
        "loss_std": 0.0012802115459885945,
        "dead_mean": 0.0
      },
      "a=0.5_w=1.0": {
        "loss_mean": 0.2045461485783259,
        "loss_std": 0.001303843843421847,
        "dead_mean": 0.0
      },
      "a=1_w=0.1": {
        "loss_mean": 0.19710519909858704,
        "loss_std": 0.0005653444260335115,
        "dead_mean": 0.0
      },
      "a=1_w=0.25": {
        "loss_mean": 0.19339376191298166,
        "loss_std": 0.0002875507661863634,
        "dead_mean": 0.0
      },
      "a=1_w=0.5": {
        "loss_mean": 0.1934726337591807,
        "loss_std": 0.0021984917279698315,
        "dead_mean": 0.0
      },
      "a=1_w=0.75": {
        "loss_mean": 0.19650078813234964,
        "loss_std": 0.001089241324654297,
        "dead_mean": 0.0
      },
      "a=1_w=1.0": {
        "loss_mean": 0.20079592367013296,
        "loss_std": 0.0018797772934269642,
        "dead_mean": 0.0
      },
      "a=2_w=0.1": {
        "loss_mean": 0.6480920116106669,
        "loss_std": 0.0043703457952233475,
        "dead_mean": 0.0
      },
      "a=2_w=0.25": {
        "loss_mean": 0.6438716650009155,
        "loss_std": 0.011136789614174298,
        "dead_mean": 0.0
      },
      "a=2_w=0.5": {
        "loss_mean": 0.6460318764050802,
        "loss_std": 0.005368561779716539,
        "dead_mean": 0.0
      },
      "a=2_w=0.75": {
        "loss_mean": 0.6589025656382242,
        "loss_std": 0.0028348253559957533,
        "dead_mean": 0.0
      },
      "a=2_w=1.0": {
        "loss_mean": 0.6592421929041544,
        "loss_std": 0.004517775232077096,
        "dead_mean": 0.0
      },
      "a=4_w=0.1": {
        "loss_mean": 0.8912028471628824,
        "loss_std": 0.0024269065933020463,
        "dead_mean": 0.0
      },
      "a=4_w=0.25": {
        "loss_mean": 0.8693079352378845,
        "loss_std": 0.000724222720091675,
        "dead_mean": 0.0
      },
      "a=4_w=0.5": {
        "loss_mean": 0.8579494953155518,
        "loss_std": 0.00201155290394411,