{
  "experiment": "coefficient_multilayer",
  "timestamp": "2026-04-16T12:17:30.034252",
  "config": {
    "architecture": "multilayer: input->256->latent->256->output",
    "a_values": [
      0.5,
      1,
      2,
      4,
      8,
      16
    ],
    "w_values": [
      0.1,
      0.25,
      0.5,
      0.75,
      1.0
    ],
    "b_fixed": 4.0,
    "num_runs": 3,
    "epochs": 10,
    "input_dim": 64,
    "latent_dim": 128,
    "k_active": 32
  },
  "optimal_a_multilayer": {
    "Logistic Map": 0.5,
    "Lorenz-96": 0.5,
    "Sinusoidal": 0.5,
    "MNIST": 0.5
  },
  "optimal_a_singlelayer": {
    "Logistic Map": 0.5,
    "Lorenz-96": 1,
    "Sinusoidal": 1,
    "MNIST": 0.5
  },
  "sweep_results": {
    "Logistic Map": {
      "a=0.5_w=0.1": {
        "loss_mean": 0.17764908075332642,
        "loss_std": 0.000904940123981004,
        "dead_mean": 0.0
      },
      "a=0.5_w=0.25": {
        "loss_mean": 0.19477099180221558,
        "loss_std": 0.0013153121825666848,
        "dead_mean": 0.0
      },
      "a=0.5_w=0.5": {
        "loss_mean": 0.241413543621699,
        "loss_std": 0.0007454711774403337,
        "dead_mean": 0.0
      },
      "a=0.5_w=0.75": {
        "loss_mean": 0.3151003619035085,
        "loss_std": 0.00030228071594009035,
        "dead_mean": 0.0
      },
      "a=0.5_w=1.0": {
        "loss_mean": 0.40187885363896686,
        "loss_std": 0.0012434920702934116,
        "dead_mean": 0.0
      },
      "a=1_w=0.1": {
        "loss_mean": 0.19437692066033682,
        "loss_std": 0.0007931472168626244,
        "dead_mean": 0.0
      },
      "a=1_w=0.25": {
        "loss_mean": 0.22412271797657013,
        "loss_std": 0.0017737891147515301,
        "dead_mean": 0.0
      },
      "a=1_w=0.5": {
        "loss_mean": 0.3031405607859294,
        "loss_std": 0.0011829031466084152,
        "dead_mean": 0.0
      },
      "a=1_w=0.75": {
        "loss_mean": 0.47498411933581036,
        "loss_std": 0.00923715806233138,
        "dead_mean": 0.0
      },
      "a=1_w=1.0": {
        "loss_mean": 0.8145927985509237,
        "loss_std": 0.002312905356728935,
        "dead_mean": 0.0
      },
      "a=2_w=0.1": {
        "loss_mean": 0.8571329712867737,
        "loss_std": 0.001282895235059119,
        "dead_mean": 0.0
      },
      "a=2_w=0.25": {
        "loss_mean": 0.9356458187103271,
        "loss_std": 0.003701329431230547,
        "dead_mean": 0.0
      },
      "a=2_w=0.5": {
        "loss_mean": 1.0098678668340046,
        "loss_std": 0.003947924645767654,
        "dead_mean": 0.0
      },
      "a=2_w=0.75": {
        "loss_mean": 1.0403258800506592,
        "loss_std": 0.003401465805316867,
        "dead_mean": 0.0
      },
      "a=2_w=1.0": {
        "loss_mean": 1.0527215401331584,
        "loss_std": 0.0014129134601246795,
        "dead_mean": 0.0
      },
      "a=4_w=0.1": {
        "loss_mean": 1.1098450422286987,
        "loss_std": 0.0044292874469885725,
        "dead_mean": 0.0
      },
      "a=4_w=0.25": {
        "loss_mean": 1.0992453893025715,
        "loss_std": 0.004754712809249815,
        "dead_mean": 0.0
      },
      "a=4_w=0.5": {
        "loss_mean": 1.065067172050476,
        "loss_std": 0.002697800940369193,
        "dead_mean": 0.0
      },
      "a=4_w=0.75": {
        "loss_mean": 1.031769076983134,
        "loss_std": 0.0025779072201625904,
        "dead_mean": 0.0
      },
      "a=4_w=1.0": {
        "loss_mean": 1.0056579907735188,
        "loss_std": 0.0021551412456921855,
        "dead_mean": 0.0
      },
      "a=8_w=0.1": {
        "loss_mean": 1.0267326831817627,
        "loss_std": 0.001723290668974274,
        "dead_mean": 0.0
      },
      "a=8_w=0.25": {
        "loss_mean": 1.0253195762634277,
        "loss_std": 0.0010029307335427731,
        "dead_mean": 0.0
      },
      "a=8_w=0.5": {
        "loss_mean": 1.0101651350657146,
        "loss_std": 0.002962819778579219,
        "dead_mean": 0.0
      },
      "a=8_w=0.75": {
        "loss_mean": 0.9795720974604288,
        "loss_std": 0.0006600602346791299,
        "dead_mean": 0.0
      },
      "a=8_w=1.0": {
        "loss_mean": 0.9504478772481283,
        "loss_std": 0.0019320246776737577,
        "dead_mean": 0.0
      },
      "a=16_w=0.1": {
        "loss_mean": 1.025485356648763,
        "loss_std": 0.0003463335132293581,
        "dead_mean": 0.0
      },
      "a=16_w=0.25": {
        "loss_mean": 1.0240193605422974,
        "loss_std": 0.0008691344076496353,
        "dead_mean": 0.0
      },
      "a=16_w=0.5": {
        "loss_mean": 1.0024553140004475,
        "loss_std": 0.0028937557290713034,
        "dead_mean": 0.0
      },
      "a=16_w=0.75": {
        "loss_mean": 0.9614767630894979,
        "loss_std": 0.000419782795478645,
        "dead_mean": 0.0
      },
      "a=16_w=1.0": {
        "loss_mean": 0.9329670667648315,
        "loss_std": 0.003313938569507801,
        "dead_mean": 0.0
      }
    },
    "Lorenz-96": {
      "a=0.5_w=0.1": {
        "loss_mean": 0.17241196831067404,
        "loss_std": 0.0009071263347896511,
        "dead_mean": 0.0
      },
      "a=0.5_w=0.25": {
        "loss_mean": 0.18693163990974426,
        "loss_std": 0.0021236324296016367,
        "dead_mean": 0.0
      },
      "a=0.5_w=0.5": {
        "loss_mean": 0.22965498765309653,
        "loss_std": 0.0005978788586368626,
        "dead_mean": 0.0
      },
      "a=0.5_w=0.75": {
        "loss_mean": 0.305754433075587,
        "loss_std": 0.0014789097531842273,
        "dead_mean": 0.0
      },
      "a=0.5_w=1.0": {
        "loss_mean": 0.3879184325536092,
        "loss_std": 0.0008824487588697041,
        "dead_mean": 0.0
      },
      "a=1_w=0.1": {
        "loss_mean": 0.18677342434724173,
        "loss_std": 0.0010680386741668357,
        "dead_mean": 0.0
      },
      "a=1_w=0.25": {
        "loss_mean": 0.2152933875719706,
        "loss_std": 0.0010015098489401686,
        "dead_mean": 0.0
      },
      "a=1_w=0.5": {
        "loss_mean": 0.29069233934084576,
        "loss_std": 0.002325020851972927,
        "dead_mean": 0.0
      },
      "a=1_w=0.75": {
        "loss_mean": 0.45855239033699036,
        "loss_std": 0.011175033066285955,
        "dead_mean": 0.0
      },
      "a=1_w=1.0": {
        "loss_mean": 0.7860588431358337,
        "loss_std": 0.005732895537879001,
        "dead_mean": 0.0
      },
      "a=2_w=0.1": {
        "loss_mean": 0.8265253901481628,
        "loss_std": 0.0037630796039121203,
        "dead_mean": 0.0
      },
      "a=2_w=0.25": {
        "loss_mean": 0.9025855859120687,
        "loss_std": 0.001158430063699998,
        "dead_mean": 0.0
      },
      "a=2_w=0.5": {
        "loss_mean": 0.9833754301071167,
        "loss_std": 0.003098642266057303,
        "dead_mean": 0.0
      },
      "a=2_w=0.75": {
        "loss_mean": 1.0144986708958943,
        "loss_std": 0.0020343893477299453,
        "dead_mean": 0.0
      },
      "a=2_w=1.0": {
        "loss_mean": 1.0298175414403279,
        "loss_std": 0.004141314390118338,
        "dead_mean": 0.0
      },
      "a=4_w=0.1": {
        "loss_mean": 1.1039022207260132,
        "loss_std": 0.0027942534141707767,
        "dead_mean": 0.0
      },
      "a=4_w=0.25": {
        "loss_mean": 1.092195749282837,
        "loss_std": 0.005030531664724199,
        "dead_mean": 0.0
      },
      "a=4_w=0.5": {
        "loss_mean": 1.050533612569173,
        "loss_std": 0.004066901462539942,
        "dead_mean": 0.0
      },
      "a=4_w=0.75": {
        "loss_mean": 1.014063835144043,
        "loss_std": 0.003893786586230588,
        "dead_mean": 0.0
      },
      "a=4_w=1.0": {
        "loss_mean": 0.9880831440289816,
        "loss_std": 0.004523118586683399,
        "dead_mean": 0.0
      },
      "a=8_w=0.1": {
        "loss_mean": 1.0234856208165486,
        "loss_std": 0.0013691462197002043,
        "dead_mean": 0.0
      },
      "a=8_w=0.25": {
        "loss_mean": 1.023869514465332,
        "loss_std": 0.0009643365020024175,