{
  "experiment": "quantization_compression",
  "timestamp": "2026-04-06T17:56:51.800453",
  "config": {
    "dataset": "MNIST",
    "num_runs": 5,
    "epochs": 10,
    "batch_size": 128,
    "latent_dim": 128,
    "k_active": 32,
    "bit_levels": [
      2,
      4,
      8,
      16,
      32
    ]
  },
  "results": {
    "Chaos_a1": [
      {
        "base_mse": 0.00925692729651928,
        "base_psnr": 20.335331471861835,
        "dead_neurons": 1,
        "quantization": {
          "2": {
            "mse": 0.01052342914044857,
            "psnr": 19.77842718917524,
            "compression_ratio": 11.636363636363637
          },
          "4": {
            "mse": 0.009318170137703419,
            "psnr": 20.306693641613343,
            "compression_ratio": 9.846153846153847
          },
          "8": {
            "mse": 0.009256991557776928,
            "psnr": 20.335301323399136,
            "compression_ratio": 7.529411764705882
          },
          "16": {
            "mse": 0.009256926365196705,
            "psnr": 20.335331908797617,
            "compression_ratio": 5.12
          },
          "32": {
            "mse": 0.00925692729651928,
            "psnr": 20.335331471861835,
            "compression_ratio": 3.1219512195121952
          }
        }
      },
      {
        "base_mse": 0.009293360635638237,
        "base_psnr": 20.318272094088687,
        "dead_neurons": 0,
        "quantization": {
          "2": {
            "mse": 0.010497662238776684,
            "psnr": 19.78907404724222,
            "compression_ratio": 11.636363636363637
          },
          "4": {
            "mse": 0.00935268122702837,
            "psnr": 20.2906386771828,
            "compression_ratio": 9.846153846153847
          },
          "8": {
            "mse": 0.009293393231928349,
            "psnr": 20.318256861316975,
            "compression_ratio": 7.529411764705882
          },
          "16": {
            "mse": 0.009293362498283386,
            "psnr": 20.31827122364315,
            "compression_ratio": 5.12
          },
          "32": {
            "mse": 0.009293360635638237,
            "psnr": 20.318272094088687,
            "compression_ratio": 3.1219512195121952
          }
        }
      },
      {
        "base_mse": 0.00939024519175291,
        "base_psnr": 20.27323067581062,
        "dead_neurons": 0,
        "quantization": {
          "2": {
            "mse": 0.010654945857822895,
            "psnr": 19.724487527736645,
            "compression_ratio": 11.636363636363637
          },
          "4": {
            "mse": 0.009452560916543007,
            "psnr": 20.244505151679405,
            "compression_ratio": 9.846153846153847
          },
          "8": {
            "mse": 0.009390571154654026,
            "psnr": 20.273079922098255,
            "compression_ratio": 7.529411764705882
          },
          "16": {
            "mse": 0.009390250779688358,
            "psnr": 20.27322809141718,
            "compression_ratio": 5.12
          },
          "32": {
            "mse": 0.00939024519175291,
            "psnr": 20.27323067581062,
            "compression_ratio": 3.1219512195121952
          }
        }
      },
      {
        "base_mse": 0.009253043681383133,
        "base_psnr": 20.337153876284,
        "dead_neurons": 0,
        "quantization": {
          "2": {
            "mse": 0.010543855838477612,
            "psnr": 19.77000540627691,
            "compression_ratio": 11.636363636363637
          },
          "4": {
            "mse": 0.009319936856627464,
            "psnr": 20.3058703001846,
            "compression_ratio": 9.846153846153847
          },
          "8": {
            "mse": 0.009253413416445255,
            "psnr": 20.336980343450115,
            "compression_ratio": 7.529411764705882
          },
          "16": {
            "mse": 0.009253046475350857,
            "psnr": 20.33715256492676,
            "compression_ratio": 5.12
          },
          "32": {
            "mse": 0.009253043681383133,
            "psnr": 20.337153876284,
            "compression_ratio": 3.1219512195121952
          }
        }
      },
      {
        "base_mse": 0.00915283989161253,
        "base_psnr": 20.38444134578535,
        "dead_neurons": 0,
        "quantization": {
          "2": {
            "mse": 0.010361491702497005,
            "psnr": 19.84577716451064,
            "compression_ratio": 11.636363636363637
          },
          "4": {
            "mse": 0.009212580509483814,
            "psnr": 20.356187037818167,
            "compression_ratio": 9.846153846153847
          },
          "8": {
            "mse": 0.009153006598353386,
            "psnr": 20.38436224557254,
            "compression_ratio": 7.529411764705882
          },
          "16": {
            "mse": 0.00915283989161253,
            "psnr": 20.38444134578535,
            "compression_ratio": 5.12
          },
          "32": {
            "mse": 0.00915283989161253,
            "psnr": 20.38444134578535,
            "compression_ratio": 3.1219512195121952
          }
        }
      }
    ],
    "Chaos_a8": [
      {
        "base_mse": 0.06691472232341766,
        "base_psnr": 11.744783198944031,
        "dead_neurons": 0,
        "quantization": {
          "2": {
            "mse": 0.06701034307479858,
            "psnr": 11.738581585883278,
            "compression_ratio": 11.636363636363637
          },
          "4": {
            "mse": 0.06691644340753555,
            "psnr": 11.744671497408557,
            "compression_ratio": 9.846153846153847
          },
          "8": {
            "mse": 0.0669143795967102,
            "psnr": 11.744805442882864,
            "compression_ratio": 7.529411764705882
          },
          "16": {
            "mse": 0.06691472977399826,
            "psnr": 11.74478271538141,
            "compression_ratio": 5.12
          },
          "32": {
            "mse": 0.06691472232341766,
            "psnr": 11.744783198944031,
            "compression_ratio": 3.1219512195121952
          }
        }
      },
      {
        "base_mse": 0.06716730445623398,
        "base_psnr": 11.728420803640038,
        "dead_neurons": 0,
        "quantization": {
          "2": {
            "mse": 0.06722087413072586,
            "psnr": 11.724958443258933,
            "compression_ratio": 11.636363636363637
          },
          "4": {
            "mse": 0.06716039031744003,
            "psnr": 11.72886788528363,
            "compression_ratio": 9.846153846153847
          },
          "8": {
            "mse": 0.06716713309288025,
            "psnr": 11.728431883771133,
            "compression_ratio": 7.529411764705882
          },
          "16": {
            "mse": 0.06716730445623398,
            "psnr": 11.728420803640038,
            "compression_ratio": 5.12
          },
          "32": {
            "mse": 0.06716730445623398,
            "psnr": 11.728420803640038,
            "compression_ratio": 3.1219512195121952
          }
        }
      },
      {
        "base_mse": 0.06717775017023087,
        "base_psnr": 11.727745450763054,
        "dead_neurons": 0,
        "quantization": {
          "2": {
            "mse": 0.06724679470062256,
            "psnr": 11.723284113554076,
            "compression_ratio": 11.636363636363637
          },
          "4": {
            "mse": 0.06717614084482193,
            "psnr": 11.727849492579699,
            "compression_ratio": 9.846153846153847
          },
          "8": {
            "mse": 0.06717705726623535,
            "psnr": 11.727790246239671,
            "compression_ratio": 7.529411764705882
          },
          "16": {
            "mse": 0.06717774271965027,
            "psnr": 11.72774593243239,
            "compression_ratio": 5.12
          },
          "32": {
            "mse": 0.06717775017023087,
            "psnr": 11.727745450763054,