{
  "true_chaos": {
    "mean_ratio": 236.3730345156934,
    "std_ratio": 185.75952297978893,
    "all_ratios": [
      312.0913673018379,
      29.016153612479325,
      460.6998600017481,
      376.0191871061822,
      4.038604556219435
    ],
    "expected": ">5.0 for chaotic divergence (lambda ~ 0.5)"
  },
  "dense_relu_64": {
    "mean_ratio": 1.0111040653225698,
    "std_ratio": 0.270265576981779,
    "mean_initial_distance": 6.865358066558838,
    "std_initial_distance": 0.827203877133741,
    "mean_final_distance": 6.740024089813232,
    "std_final_distance": 1.2364660285035416,
    "all_ratios": [
      1.2905447700286108,
      0.9622504425307783,
      0.5722352344818417,
      0.9275655157024347,
      1.3029243638691834
    ],
    "num_valid_runs": 5
  },
  "dense_relu_128": {
    "mean_ratio": 1.0471896117890351,
    "std_ratio": 0.14024209169069463,
    "mean_initial_distance": 7.512500858306884,
    "std_initial_distance": 1.0265136172848146,
    "mean_final_distance": 7.726828765869141,
    "std_final_distance": 0.23254394853826896,
    "all_ratios": [
      1.2592971618766262,
      0.9645484832894612,
      0.949146151850806,
      1.1664111350605846,
      0.8965451268676973
    ],
    "num_valid_runs": 5
  },
  "v4_ksparse": {
    "mean_ratio": 0.9505432071477445,
    "std_ratio": 0.07880225760124965,
    "mean_initial_distance": 11.214463233947754,
    "std_initial_distance": 0.6741804081193946,
    "mean_final_distance": 10.608272552490234,
    "std_final_distance": 0.25952898982576317,
    "all_ratios": [
      0.9663031161208743,
      0.9219302543491865,
      0.8950592538163046,
      0.8738774566217604,
      1.0955459548305966
    ],
    "num_valid_runs": 5
  }
}