{"domain": "chaos_henon", "input_dim": 64, "latent_dim": 256, "k_active": 25, "input_scale": 0.5, "a": 1.0, "seed": 43, "val_loss": 4.421239736984717e-06, "sigma_eff_input": 0.49992942810058594, "sigma_eff_post_dense": 0.060931216925382614, "kurtosis": -1.3153223991394043, "dead_latents": 214}