{"domain": "chaos_henon", "input_dim": 64, "latent_dim": 256, "k_active": 25, "input_scale": 2.0, "a": 4.0, "seed": 42, "val_loss": 0.0031043991912156343, "sigma_eff_input": 1.9997177124023438, "sigma_eff_post_dense": 1.147620439529419, "kurtosis": -1.908307671546936, "dead_latents": 230}