{"domain": "chaos_henon", "input_dim": 64, "latent_dim": 256, "k_active": 25, "input_scale": 2.0, "a": 2.0, "seed": 43, "val_loss": 6.490321084129391e-06, "sigma_eff_input": 1.9997177124023438, "sigma_eff_post_dense": 1.0117368698120117, "kurtosis": -1.9999555349349976, "dead_latents": 231}