{"domain": "chaos_henon", "input_dim": 64, "latent_dim": 256, "k_active": 25, "input_scale": 1.0, "a": 2.0, "seed": 42, "val_loss": 0.00014774149167351425, "sigma_eff_input": 0.9998588562011719, "sigma_eff_post_dense": 0.3583115041255951, "kurtosis": -1.7151520252227783, "dead_latents": 216}