{"domain": "chaos_henon", "input_dim": 64, "latent_dim": 256, "k_active": 25, "input_scale": 1.0, "a": 2.0, "seed": 43, "val_loss": 0.00033607741352170706, "sigma_eff_input": 0.9998588562011719, "sigma_eff_post_dense": 0.388982355594635, "kurtosis": -1.8231627941131592, "dead_latents": 222}