{"domain": "chaos_henon", "input_dim": 64, "latent_dim": 256, "k_active": 25, "input_scale": 4.0, "a": 0.5, "seed": 42, "val_loss": 8.309923578053713e-05, "sigma_eff_input": 3.9994354248046875, "sigma_eff_post_dense": 1.9084575176239014, "kurtosis": -1.9999984502792358, "dead_latents": 231}