{"domain": "chaos_henon", "input_dim": 64, "latent_dim": 256, "k_active": 25, "input_scale": 0.5, "a": 1.0, "seed": 42, "val_loss": 7.136535714380443e-05, "sigma_eff_input": 0.49992942810058594, "sigma_eff_post_dense": 0.045187532901763916, "kurtosis": -1.3171322345733643, "dead_latents": 188}