{"domain": "chaos_henon", "input_dim": 64, "latent_dim": 256, "k_active": 25, "input_scale": 4.0, "a": 0.25, "seed": 43, "val_loss": 8.966695168055594e-05, "sigma_eff_input": 3.9994354248046875, "sigma_eff_post_dense": 2.0213913917541504, "kurtosis": -1.9999855756759644, "dead_latents": 231}