{"domain": "chaos_henon", "input_dim": 64, "latent_dim": 256, "k_active": 25, "input_scale": 2.0, "a": 4.0, "seed": 43, "val_loss": 0.00639457069337368, "sigma_eff_input": 1.9997177124023438, "sigma_eff_post_dense": 1.0987679958343506, "kurtosis": -1.9010088443756104, "dead_latents": 229}