{"domain": "chaos_henon", "input_dim": 64, "latent_dim": 256, "k_active": 25, "input_scale": 1.0, "a": 0.5, "seed": 42, "val_loss": 0.0007559471996501088, "sigma_eff_input": 0.9998588562011719, "sigma_eff_post_dense": 0.2578284740447998, "kurtosis": -1.8618348836898804, "dead_latents": 231}