{"domain": "chaos_henon", "input_dim": 64, "latent_dim": 256, "k_active": 25, "input_scale": 1.0, "a": 0.25, "seed": 43, "val_loss": 0.00042524910531938076, "sigma_eff_input": 0.9998588562011719, "sigma_eff_post_dense": 0.3548119068145752, "kurtosis": -1.9138987064361572, "dead_latents": 230}