{"domain": "chaos_henon", "input_dim": 64, "latent_dim": 256, "k_active": 25, "input_scale": 0.5, "a": 0.5, "seed": 42, "val_loss": 7.537290366599336e-05, "sigma_eff_input": 0.49992942810058594, "sigma_eff_post_dense": 0.06997190415859222, "kurtosis": -1.6959046125411987, "dead_latents": 228}