{"domain": "chaos_henon", "input_dim": 64, "latent_dim": 256, "k_active": 25, "input_scale": 2.0, "a": 0.5, "seed": 43, "val_loss": 7.501872914872365e-06, "sigma_eff_input": 1.9997177124023438, "sigma_eff_post_dense": 0.9171475172042847, "kurtosis": -1.9999854564666748, "dead_latents": 231}