{"domain": "chaos_henon", "input_dim": 64, "latent_dim": 256, "k_active": 25, "input_scale": 0.5, "a": 4.0, "seed": 43, "val_loss": 2.9449336125253467e-06, "sigma_eff_input": 0.49992942810058594, "sigma_eff_post_dense": 0.18423926830291748, "kurtosis": -1.2685813903808594, "dead_latents": 175}