{"domain": "chaos_henon", "input_dim": 64, "latent_dim": 256, "k_active": 25, "input_scale": 1.0, "a": 1.0, "seed": 42, "val_loss": 0.00079205387737602, "sigma_eff_input": 0.9998588562011719, "sigma_eff_post_dense": 0.1923898309469223, "kurtosis": -1.8964749574661255, "dead_latents": 230}