{"domain": "chaos_henon", "input_dim": 64, "latent_dim": 256, "k_active": 25, "input_scale": 2.0, "a": 0.25, "seed": 42, "val_loss": 7.863943210395519e-06, "sigma_eff_input": 1.9997177124023438, "sigma_eff_post_dense": 1.3004705905914307, "kurtosis": -1.9999544620513916, "dead_latents": 231}