{"domain": "chaos_henon", "input_dim": 64, "latent_dim": 256, "k_active": 25, "input_scale": 1.0, "a": 0.5, "seed": 43, "val_loss": 0.0005179468425922096, "sigma_eff_input": 0.9998588562011719, "sigma_eff_post_dense": 0.24358591437339783, "kurtosis": -1.848471760749817, "dead_latents": 230}