{"domain": "chaos_henon", "input_dim": 64, "latent_dim": 256, "k_active": 25, "input_scale": 1.0, "a": 4.0, "seed": 43, "val_loss": 0.005387831944972277, "sigma_eff_input": 0.9998588562011719, "sigma_eff_post_dense": 0.5418373346328735, "kurtosis": -1.9290637969970703, "dead_latents": 230}