{"domain": "chaos_henon", "input_dim": 64, "latent_dim": 256, "k_active": 25, "input_scale": 0.5, "a": 4.0, "seed": 42, "val_loss": 5.393052560975775e-05, "sigma_eff_input": 0.49992942810058594, "sigma_eff_post_dense": 0.1871562898159027, "kurtosis": -1.2646080255508423, "dead_latents": 221}