{"domain": "chaos_henon", "input_dim": 64, "latent_dim": 256, "k_active": 25, "input_scale": 1.0, "a": 1.0, "seed": 43, "val_loss": 0.000415899878134951, "sigma_eff_input": 0.9998588562011719, "sigma_eff_post_dense": 0.187699556350708, "kurtosis": -1.8422657251358032, "dead_latents": 228}