{"domain": "chaos_henon", "input_dim": 64, "latent_dim": 256, "k_active": 25, "input_scale": 1.0, "a": 0.25, "seed": 42, "val_loss": 0.0005931039340794086, "sigma_eff_input": 0.9998588562011719, "sigma_eff_post_dense": 0.352745920419693, "kurtosis": -1.8959617614746094, "dead_latents": 230}