{"domain": "chaos_henon", "input_dim": 64, "latent_dim": 256, "k_active": 25, "input_scale": 4.0, "a": 2.0, "seed": 43, "val_loss": 7.138377986848354e-05, "sigma_eff_input": 3.9994354248046875, "sigma_eff_post_dense": 1.9657573699951172, "kurtosis": -1.9999840259552002, "dead_latents": 230}