{"domain": "chaos_henon", "input_dim": 64, "latent_dim": 256, "k_active": 25, "input_scale": 2.0, "a": 0.5, "seed": 42, "val_loss": 7.542225375800626e-06, "sigma_eff_input": 1.9997177124023438, "sigma_eff_post_dense": 1.0721338987350464, "kurtosis": -1.999901533126831, "dead_latents": 231}