{"domain": "chaos_logistic", "input_dim": 64, "latent_dim": 256, "k_active": 25, "input_scale": 4.0, "a": 1.0, "seed": 43, "val_loss": 14.845806121826172, "sigma_eff_input": 3.9882733821868896, "sigma_eff_post_dense": 2.527648448944092, "kurtosis": -1.9999011754989624, "dead_latents": 0}