{"domain": "chaos_logistic", "input_dim": 64, "latent_dim": 256, "k_active": 25, "input_scale": 2.0, "a": 1.0, "seed": 42, "val_loss": 2.6626200675964355, "sigma_eff_input": 1.9941366910934448, "sigma_eff_post_dense": 1.2304785251617432, "kurtosis": -1.9998750686645508, "dead_latents": 0}