{"domain": "chaos_logistic", "input_dim": 64, "latent_dim": 256, "k_active": 25, "input_scale": 4.0, "a": 0.5, "seed": 42, "val_loss": 11.71869945526123, "sigma_eff_input": 3.9882733821868896, "sigma_eff_post_dense": 2.4708683490753174, "kurtosis": -1.999890685081482, "dead_latents": 0}