{"domain": "chaos_logistic", "input_dim": 64, "latent_dim": 256, "k_active": 25, "input_scale": 0.5, "a": 0.25, "seed": 43, "val_loss": 0.06598895788192749, "sigma_eff_input": 0.4985341727733612, "sigma_eff_post_dense": 0.36411750316619873, "kurtosis": -1.9811172485351562, "dead_latents": 0}