{"domain": "chaos_logistic", "input_dim": 64, "latent_dim": 256, "k_active": 25, "input_scale": 1.0, "a": 2.0, "seed": 42, "val_loss": 0.6537926197052002, "sigma_eff_input": 0.9970683455467224, "sigma_eff_post_dense": 0.6197295784950256, "kurtosis": -1.9997644424438477, "dead_latents": 0}