{"domain": "chaos_logistic", "input_dim": 64, "latent_dim": 256, "k_active": 25, "input_scale": 0.5, "a": 2.0, "seed": 43, "val_loss": 0.06512633711099625, "sigma_eff_input": 0.4985341727733612, "sigma_eff_post_dense": 0.15039196610450745, "kurtosis": -1.9257545471191406, "dead_latents": 0}