{"domain": "chaos_logistic", "input_dim": 64, "latent_dim": 256, "k_active": 25, "input_scale": 1.0, "a": 2.0, "seed": 43, "val_loss": 0.6573601961135864, "sigma_eff_input": 0.9970683455467224, "sigma_eff_post_dense": 0.6171785593032837, "kurtosis": -1.9997724294662476, "dead_latents": 0}