{"domain": "chaos_logistic", "input_dim": 64, "latent_dim": 256, "k_active": 25, "input_scale": 1.0, "a": 0.25, "seed": 42, "val_loss": 0.2684725821018219, "sigma_eff_input": 0.9970683455467224, "sigma_eff_post_dense": 1.0970309972763062, "kurtosis": -1.9664134979248047, "dead_latents": 5}