{"domain": "chaos_logistic", "input_dim": 64, "latent_dim": 256, "k_active": 25, "input_scale": 4.0, "a": 0.5, "seed": 43, "val_loss": 11.667427062988281, "sigma_eff_input": 3.9882733821868896, "sigma_eff_post_dense": 2.456482410430908, "kurtosis": -1.9999170303344727, "dead_latents": 0}