{"domain": "chaos_logistic", "input_dim": 64, "latent_dim": 256, "k_active": 25, "input_scale": 0.5, "a": 0.5, "seed": 42, "val_loss": 0.06489694863557816, "sigma_eff_input": 0.4985341727733612, "sigma_eff_post_dense": 0.2799544930458069, "kurtosis": -1.966712236404419, "dead_latents": 1}