{"domain": "chaos_logistic", "input_dim": 64, "latent_dim": 256, "k_active": 25, "input_scale": 2.0, "a": 0.5, "seed": 42, "val_loss": 1.3666925430297852, "sigma_eff_input": 1.9941366910934448, "sigma_eff_post_dense": 1.4664058685302734, "kurtosis": -1.9987038373947144, "dead_latents": 0}