{"domain": "chaos_logistic", "input_dim": 64, "latent_dim": 256, "k_active": 25, "input_scale": 2.0, "a": 4.0, "seed": 43, "val_loss": 3.3947951793670654, "sigma_eff_input": 1.9941366910934448, "sigma_eff_post_dense": 1.2824546098709106, "kurtosis": -1.9991015195846558, "dead_latents": 0}