{"domain": "chaos_logistic", "input_dim": 64, "latent_dim": 256, "k_active": 25, "input_scale": 1.0, "a": 0.5, "seed": 42, "val_loss": 0.26522257924079895, "sigma_eff_input": 0.9970683455467224, "sigma_eff_post_dense": 0.7907603979110718, "kurtosis": -1.9741343259811401, "dead_latents": 4}