{"domain": "chaos_logistic", "input_dim": 64, "latent_dim": 256, "k_active": 25, "input_scale": 4.0, "a": 4.0, "seed": 42, "val_loss": 13.778841972351074, "sigma_eff_input": 3.9882733821868896, "sigma_eff_post_dense": 2.58235502243042, "kurtosis": -1.9990284442901611, "dead_latents": 0}