{"domain": "chaos_logistic", "input_dim": 64, "latent_dim": 256, "k_active": 25, "input_scale": 4.0, "a": 4.0, "seed": 43, "val_loss": 13.758439064025879, "sigma_eff_input": 3.9882733821868896, "sigma_eff_post_dense": 2.5667991638183594, "kurtosis": -1.998745322227478, "dead_latents": 0}