{"domain": "chaos_logistic", "input_dim": 64, "latent_dim": 256, "k_active": 25, "input_scale": 1.0, "a": 0.5, "seed": 43, "val_loss": 0.2624838650226593, "sigma_eff_input": 0.9970683455467224, "sigma_eff_post_dense": 0.7969883680343628, "kurtosis": -1.9732897281646729, "dead_latents": 0}