{"domain": "chaos_logistic", "input_dim": 64, "latent_dim": 256, "k_active": 25, "input_scale": 1.0, "a": 1.0, "seed": 43, "val_loss": 0.27131617069244385, "sigma_eff_input": 0.9970683455467224, "sigma_eff_post_dense": 0.5191898345947266, "kurtosis": -1.9875210523605347, "dead_latents": 0}