{"domain": "chaos_logistic", "input_dim": 64, "latent_dim": 256, "k_active": 25, "input_scale": 2.0, "a": 2.0, "seed": 42, "val_loss": 3.7056572437286377, "sigma_eff_input": 1.9941366910934448, "sigma_eff_post_dense": 1.2709652185440063, "kurtosis": -1.99967622756958, "dead_latents": 0}