{"domain": "chaos_logistic", "input_dim": 64, "latent_dim": 256, "k_active": 25, "input_scale": 1.0, "a": 4.0, "seed": 43, "val_loss": 0.9275507926940918, "sigma_eff_input": 0.9970683455467224, "sigma_eff_post_dense": 0.635370135307312, "kurtosis": -1.9997706413269043, "dead_latents": 0}