{"domain": "chaos_logistic", "input_dim": 64, "latent_dim": 256, "k_active": 25, "input_scale": 4.0, "a": 1.0, "seed": 42, "val_loss": 14.819222450256348, "sigma_eff_input": 3.9882733821868896, "sigma_eff_post_dense": 2.517411947250366, "kurtosis": -1.999668002128601, "dead_latents": 0}