{"domain": "chaos_logistic", "input_dim": 64, "latent_dim": 256, "k_active": 25, "input_scale": 0.5, "a": 0.25, "seed": 42, "val_loss": 0.06532018631696701, "sigma_eff_input": 0.4985341727733612, "sigma_eff_post_dense": 0.3637866973876953, "kurtosis": -1.9808180332183838, "dead_latents": 1}