{"domain": "chaos_logistic", "input_dim": 64, "latent_dim": 256, "k_active": 25, "input_scale": 2.0, "a": 0.25, "seed": 43, "val_loss": 1.229435682296753, "sigma_eff_input": 1.9941366910934448, "sigma_eff_post_dense": 2.4173214435577393, "kurtosis": -1.9941426515579224, "dead_latents": 7}