{"domain": "chaos_logistic", "input_dim": 64, "latent_dim": 256, "k_active": 25, "input_scale": 2.0, "a": 0.25, "seed": 42, "val_loss": 1.2264279127120972, "sigma_eff_input": 1.9941366910934448, "sigma_eff_post_dense": 2.4293017387390137, "kurtosis": -1.994431972503662, "dead_latents": 3}