{"domain": "chaos_logistic", "input_dim": 64, "latent_dim": 256, "k_active": 25, "input_scale": 2.0, "a": 2.0, "seed": 43, "val_loss": 3.684150218963623, "sigma_eff_input": 1.9941366910934448, "sigma_eff_post_dense": 1.2736732959747314, "kurtosis": -1.9998109340667725, "dead_latents": 0}