{"domain": "chaos_logistic", "input_dim": 64, "latent_dim": 256, "k_active": 25, "input_scale": 0.5, "a": 1.0, "seed": 42, "val_loss": 0.06514809280633926, "sigma_eff_input": 0.4985341727733612, "sigma_eff_post_dense": 0.20640829205513, "kurtosis": -1.9442689418792725, "dead_latents": 0}