{"domain": "chaos_logistic", "input_dim": 64, "latent_dim": 256, "k_active": 25, "input_scale": 0.5, "a": 0.5, "seed": 43, "val_loss": 0.06483102589845657, "sigma_eff_input": 0.4985341727733612, "sigma_eff_post_dense": 0.279153972864151, "kurtosis": -1.96403169631958, "dead_latents": 0}