{"domain": "chaos_lorenz96", "input_dim": 40, "latent_dim": 160, "k_active": 16, "input_scale": 2.0, "a": 4.0, "seed": 43, "val_loss": 2.730224609375, "sigma_eff_input": 1.9896907806396484, "sigma_eff_post_dense": 1.2858613729476929, "kurtosis": -1.9775410890579224, "dead_latents": 0}