{"domain": "chaos_lorenz96", "input_dim": 40, "latent_dim": 160, "k_active": 16, "input_scale": 4.0, "a": 4.0, "seed": 43, "val_loss": 11.427427291870117, "sigma_eff_input": 3.979381561279297, "sigma_eff_post_dense": 2.6303138732910156, "kurtosis": -1.9924986362457275, "dead_latents": 0}