{"domain": "chaos_lorenz96", "input_dim": 40, "latent_dim": 160, "k_active": 16, "input_scale": 4.0, "a": 2.0, "seed": 43, "val_loss": 12.165234565734863, "sigma_eff_input": 3.979381561279297, "sigma_eff_post_dense": 2.6086056232452393, "kurtosis": -1.996770977973938, "dead_latents": 0}