{"domain": "chaos_lorenz96", "input_dim": 40, "latent_dim": 160, "k_active": 16, "input_scale": 1.0, "a": 4.0, "seed": 43, "val_loss": 0.697021484375, "sigma_eff_input": 0.9948453903198242, "sigma_eff_post_dense": 0.627415657043457, "kurtosis": -1.979084849357605, "dead_latents": 0}