{"domain": "chaos_lorenz96", "input_dim": 40, "latent_dim": 160, "k_active": 16, "input_scale": 4.0, "a": 2.0, "seed": 42, "val_loss": 12.21703815460205, "sigma_eff_input": 3.979381561279297, "sigma_eff_post_dense": 2.6149818897247314, "kurtosis": -1.9987245798110962, "dead_latents": 0}