{"domain": "chaos_lorenz96", "input_dim": 40, "latent_dim": 160, "k_active": 16, "input_scale": 0.5, "a": 2.0, "seed": 43, "val_loss": 0.05186045169830322, "sigma_eff_input": 0.4974226951599121, "sigma_eff_post_dense": 0.13486802577972412, "kurtosis": -1.7211427688598633, "dead_latents": 0}