{"domain": "chaos_lorenz96", "input_dim": 40, "latent_dim": 160, "k_active": 16, "input_scale": 2.0, "a": 4.0, "seed": 42, "val_loss": 2.75638484954834, "sigma_eff_input": 1.9896907806396484, "sigma_eff_post_dense": 1.2807811498641968, "kurtosis": -1.9764976501464844, "dead_latents": 0}