{"domain": "chaos_lorenz96", "input_dim": 40, "latent_dim": 160, "k_active": 16, "input_scale": 0.5, "a": 0.25, "seed": 42, "val_loss": 0.056209251284599304, "sigma_eff_input": 0.4974226951599121, "sigma_eff_post_dense": 0.323632150888443, "kurtosis": -1.9113682508468628, "dead_latents": 0}