{"domain": "chaos_lorenz96", "input_dim": 40, "latent_dim": 160, "k_active": 16, "input_scale": 0.5, "a": 1.0, "seed": 43, "val_loss": 0.05040842294692993, "sigma_eff_input": 0.4974226951599121, "sigma_eff_post_dense": 0.1842566430568695, "kurtosis": -1.741965413093567, "dead_latents": 0}