{"domain": "chaos_lorenz96", "input_dim": 40, "latent_dim": 160, "k_active": 16, "input_scale": 0.5, "a": 0.5, "seed": 42, "val_loss": 0.05125723034143448, "sigma_eff_input": 0.4974226951599121, "sigma_eff_post_dense": 0.2451326549053192, "kurtosis": -1.7985550165176392, "dead_latents": 1}