{"domain": "chaos_lorenz96", "input_dim": 40, "latent_dim": 160, "k_active": 16, "input_scale": 4.0, "a": 0.25, "seed": 43, "val_loss": 7.490936756134033, "sigma_eff_input": 3.979381561279297, "sigma_eff_post_dense": 3.65038800239563, "kurtosis": -1.9929970502853394, "dead_latents": 0}