{"domain": "chaos_lorenz96", "input_dim": 40, "latent_dim": 160, "k_active": 16, "input_scale": 0.5, "a": 1.0, "seed": 42, "val_loss": 0.05131491273641586, "sigma_eff_input": 0.4974226951599121, "sigma_eff_post_dense": 0.1836121380329132, "kurtosis": -1.7340731620788574, "dead_latents": 0}