{"domain": "chaos_lorenz96", "input_dim": 40, "latent_dim": 160, "k_active": 16, "input_scale": 2.0, "a": 0.5, "seed": 42, "val_loss": 1.2504918575286865, "sigma_eff_input": 1.9896907806396484, "sigma_eff_post_dense": 1.3426697254180908, "kurtosis": -1.9815309047698975, "dead_latents": 0}