{"domain": "chaos_lorenz96", "input_dim": 40, "latent_dim": 160, "k_active": 16, "input_scale": 1.0, "a": 4.0, "seed": 42, "val_loss": 0.7005329728126526, "sigma_eff_input": 0.9948453903198242, "sigma_eff_post_dense": 0.6487149000167847, "kurtosis": -1.9770876169204712, "dead_latents": 0}