{"domain": "chaos_lorenz96", "input_dim": 40, "latent_dim": 160, "k_active": 16, "input_scale": 1.0, "a": 0.5, "seed": 43, "val_loss": 0.21780237555503845, "sigma_eff_input": 0.9948453903198242, "sigma_eff_post_dense": 0.65867680311203, "kurtosis": -1.8776503801345825, "dead_latents": 3}