{"domain": "chaos_lorenz96", "input_dim": 40, "latent_dim": 160, "k_active": 16, "input_scale": 1.0, "a": 0.5, "seed": 42, "val_loss": 0.21722325682640076, "sigma_eff_input": 0.9948453903198242, "sigma_eff_post_dense": 0.6779617071151733, "kurtosis": -1.9006383419036865, "dead_latents": 3}