{"domain": "chaos_lorenz96", "input_dim": 40, "latent_dim": 160, "k_active": 16, "input_scale": 2.0, "a": 1.0, "seed": 42, "val_loss": 2.1057472229003906, "sigma_eff_input": 1.9896907806396484, "sigma_eff_post_dense": 1.2376420497894287, "kurtosis": -1.9758449792861938, "dead_latents": 0}