{"domain": "chaos_lorenz96", "input_dim": 40, "latent_dim": 160, "k_active": 16, "input_scale": 1.0, "a": 0.25, "seed": 43, "val_loss": 0.23743294179439545, "sigma_eff_input": 0.9948453903198242, "sigma_eff_post_dense": 0.9620311856269836, "kurtosis": -1.8709620237350464, "dead_latents": 11}