{"domain": "chaos_lorenz96", "input_dim": 40, "latent_dim": 160, "k_active": 16, "input_scale": 0.5, "a": 0.5, "seed": 43, "val_loss": 0.050828635692596436, "sigma_eff_input": 0.4974226951599121, "sigma_eff_post_dense": 0.2510012686252594, "kurtosis": -1.7324180603027344, "dead_latents": 0}