{"domain": "chaos_lorenz96", "input_dim": 40, "latent_dim": 160, "k_active": 16, "input_scale": 2.0, "a": 2.0, "seed": 43, "val_loss": 2.8698978424072266, "sigma_eff_input": 1.9896907806396484, "sigma_eff_post_dense": 1.2555477619171143, "kurtosis": -1.9888114929199219, "dead_latents": 0}