{"domain": "chaos_lorenz96", "input_dim": 40, "latent_dim": 160, "k_active": 16, "input_scale": 4.0, "a": 0.25, "seed": 42, "val_loss": 7.395971298217773, "sigma_eff_input": 3.979381561279297, "sigma_eff_post_dense": 3.628627061843872, "kurtosis": -1.9981837272644043, "dead_latents": 0}