{"input_scale": 0.25, "a": 0.5, "seed": 42, "val_loss": 0.009119299240410328, "sigma_eff_input": 0.2504924237728119, "sigma_eff_post_dense": 0.06546931713819504, "kurtosis": -1.1925582885742188, "intrinsic_dim_pre": 709, "intrinsic_dim_lat": 2418, "dead_latents": 0, "lat_var": 0.011062386445701122, "lat_range": [-1.1043154001235962, 1.1306278705596924]}