{"input_scale": 0.5, "a": 2.0, "seed": 42, "val_loss": 0.04115945100784302, "sigma_eff_input": 0.5009848475456238, "sigma_eff_post_dense": 0.10149219632148743, "kurtosis": -1.480394721031189, "intrinsic_dim_pre": 704, "intrinsic_dim_lat": 2412, "dead_latents": 0, "lat_var": 0.06135418638586998, "lat_range": [-1.4981629848480225, 1.4981629848480225]}