{"input_scale": 0.5, "a": 4.0, "seed": 42, "val_loss": 0.05359238013625145, "sigma_eff_input": 0.5009848475456238, "sigma_eff_post_dense": 0.1331147700548172, "kurtosis": -1.7487624883651733, "intrinsic_dim_pre": 622, "intrinsic_dim_lat": 2396, "dead_latents": 0, "lat_var": 0.10780941694974899, "lat_range": [-1.4999942779541016, 1.4613429307937622]}