{"input_scale": 1.0, "a": 8.0, "seed": 42, "val_loss": 0.5640106201171875, "sigma_eff_input": 1.0019696950912476, "sigma_eff_post_dense": 1.4377565383911133, "kurtosis": -1.99642813205719, "intrinsic_dim_pre": 529, "intrinsic_dim_lat": 2744, "dead_latents": 0, "lat_var": 0.2115384042263031, "lat_range": [-1.5, 1.5]}