{"input_scale": 1.0, "a": 4.0, "seed": 43, "val_loss": 0.670375645160675, "sigma_eff_input": 1.0019696950912476, "sigma_eff_post_dense": 1.8028764724731445, "kurtosis": -1.999203085899353, "intrinsic_dim_pre": 482, "intrinsic_dim_lat": 2754, "dead_latents": 0, "lat_var": 0.21482758224010468, "lat_range": [-1.5, 1.5]}