{"input_scale": 1.0, "a": 0.5, "seed": 42, "val_loss": 0.15909583866596222, "sigma_eff_input": 1.0019696950912476, "sigma_eff_post_dense": 0.4518093764781952, "kurtosis": -1.7861003875732422, "intrinsic_dim_pre": 686, "intrinsic_dim_lat": 2476, "dead_latents": 0, "lat_var": 0.09321524947881699, "lat_range": [-1.5, 1.5]}