{"input_scale": 2.0, "a": 0.5, "seed": 43, "val_loss": 0.7058545351028442, "sigma_eff_input": 2.003939390182495, "sigma_eff_post_dense": 0.7136791348457336, "kurtosis": -1.8769861459732056, "intrinsic_dim_pre": 686, "intrinsic_dim_lat": 2494, "dead_latents": 0, "lat_var": 0.1347144991159439, "lat_range": [-1.5, 1.5]}