{"input_scale": 4.0, "a": 0.25, "seed": 43, "val_loss": 3.1997029781341553, "sigma_eff_input": 4.00787878036499, "sigma_eff_post_dense": 1.9022254943847656, "kurtosis": -1.9176936149597168, "intrinsic_dim_pre": 666, "intrinsic_dim_lat": 2537, "dead_latents": 0, "lat_var": 0.1597897857427597, "lat_range": [-1.5, 1.5]}