{"input_scale": 4.0, "a": 1.0, "seed": 43, "val_loss": 11.452014923095703, "sigma_eff_input": 4.00787878036499, "sigma_eff_post_dense": 9.422850608825684, "kurtosis": -1.9997538328170776, "intrinsic_dim_pre": 433, "intrinsic_dim_lat": 2757, "dead_latents": 0, "lat_var": 0.22107703983783722, "lat_range": [-1.5, 1.5]}