{"input_scale": 4.0, "a": 0.5, "seed": 42, "val_loss": 11.733007431030273, "sigma_eff_input": 4.00787878036499, "sigma_eff_post_dense": 8.773262977600098, "kurtosis": -1.9990447759628296, "intrinsic_dim_pre": 431, "intrinsic_dim_lat": 2753, "dead_latents": 0, "lat_var": 0.22138874232769012, "lat_range": [-1.5, 1.5]}