{"input_scale": 4.0, "a": 0.5, "seed": 43, "val_loss": 11.7286958694458, "sigma_eff_input": 4.00787878036499, "sigma_eff_post_dense": 8.827757835388184, "kurtosis": -1.9990774393081665, "intrinsic_dim_pre": 428, "intrinsic_dim_lat": 2754, "dead_latents": 0, "lat_var": 0.22139011323451996, "lat_range": [-1.5, 1.5]}