{"input_scale": 4.0, "a": 8.0, "seed": 42, "val_loss": 10.768969535827637, "sigma_eff_input": 4.00787878036499, "sigma_eff_post_dense": 8.786717414855957, "kurtosis": -1.9994670152664185, "intrinsic_dim_pre": 449, "intrinsic_dim_lat": 2753, "dead_latents": 0, "lat_var": 0.2193213254213333, "lat_range": [-1.5, 1.5]}