{"input_scale": 4.0, "a": 0.25, "seed": 42, "val_loss": 3.2008137702941895, "sigma_eff_input": 4.00787878036499, "sigma_eff_post_dense": 1.8975049257278442, "kurtosis": -1.917448878288269, "intrinsic_dim_pre": 666, "intrinsic_dim_lat": 2536, "dead_latents": 0, "lat_var": 0.15977154672145844, "lat_range": [-1.5, 1.5]}