{"input_scale": 4.0, "a": 2.0, "seed": 42, "val_loss": 11.21611213684082, "sigma_eff_input": 4.00787878036499, "sigma_eff_post_dense": 9.200028419494629, "kurtosis": -1.9996833801269531, "intrinsic_dim_pre": 440, "intrinsic_dim_lat": 2756, "dead_latents": 0, "lat_var": 0.22041237354278564, "lat_range": [-1.5, 1.5]}