{"domain": "gpt2_l9", "input_dim": 768, "latent_dim": 3072, "k_active": 307, "input_scale": 1.0, "a": 0.25, "seed": 43, "val_loss": 0.16019555926322937, "sigma_eff_input": 1.0021332502365112, "sigma_eff_post_dense": 0.8171140551567078, "kurtosis": -1.8438235521316528, "dead_latents": 0}