{"domain": "gpt2_l3", "input_dim": 768, "latent_dim": 3072, "k_active": 307, "input_scale": 0.5, "a": 0.5, "seed": 42, "val_loss": 0.03165961056947708, "sigma_eff_input": 0.5013319849967957, "sigma_eff_post_dense": 0.15210597217082977, "kurtosis": -1.235190987586975, "dead_latents": 0}