{"domain": "gpt2_l3", "input_dim": 768, "latent_dim": 3072, "k_active": 307, "input_scale": 1.0, "a": 0.1, "seed": 43, "val_loss": 0.14594434201717377, "sigma_eff_input": 1.0026639699935913, "sigma_eff_post_dense": 2.0758230686187744, "kurtosis": -1.723699927330017, "dead_latents": 0}