{"domain": "gpt2_l9", "input_dim": 768, "latent_dim": 3072, "k_active": 307, "input_scale": 1.0, "a": 0.5, "seed": 42, "val_loss": 0.1646675169467926, "sigma_eff_input": 1.0021332502365112, "sigma_eff_post_dense": 0.45462337136268616, "kurtosis": -1.8430683612823486, "dead_latents": 0}