{"domain": "gpt2_l6", "input_dim": 768, "latent_dim": 3072, "k_active": 307, "input_scale": 2.0, "a": 0.125, "seed": 42, "val_loss": 0.6225152611732483, "sigma_eff_input": 2.003939390182495, "sigma_eff_post_dense": 2.297589063644409, "kurtosis": -1.8450735807418823, "dead_latents": 0}