{"domain": "gpt2_l3", "input_dim": 768, "latent_dim": 3072, "k_active": 307, "input_scale": 0.5, "a": 1.0, "seed": 42, "val_loss": 0.03110485151410103, "sigma_eff_input": 0.5013319849967957, "sigma_eff_post_dense": 0.12660586833953857, "kurtosis": -1.1586774587631226, "dead_latents": 0}