{"domain": "gpt2_l9", "input_dim": 768, "latent_dim": 3072, "k_active": 307, "input_scale": 2.0, "a": 2.0, "seed": 42, "val_loss": 2.844870090484619, "sigma_eff_input": 2.0042665004730225, "sigma_eff_post_dense": 4.254491329193115, "kurtosis": -1.9997186660766602, "dead_latents": 0}