{"domain": "gpt2_l6", "input_dim": 768, "latent_dim": 3072, "k_active": 307, "input_scale": 1.0, "a": 0.125, "seed": 42, "val_loss": 0.16335727274417877, "sigma_eff_input": 1.0019696950912476, "sigma_eff_post_dense": 1.55500328540802, "kurtosis": -1.7959574460983276, "dead_latents": 0}