{"domain": "gpt2_l9", "input_dim": 768, "latent_dim": 3072, "k_active": 307, "input_scale": 2.0, "a": 1.0, "seed": 43, "val_loss": 2.965362548828125, "sigma_eff_input": 2.0042665004730225, "sigma_eff_post_dense": 3.677441358566284, "kurtosis": -1.9994533061981201, "dead_latents": 0}