{"domain": "gpt2_l3", "input_dim": 768, "latent_dim": 3072, "k_active": 307, "input_scale": 2.0, "a": 0.1, "seed": 43, "val_loss": 0.5144661068916321, "sigma_eff_input": 2.0053279399871826, "sigma_eff_post_dense": 2.8786814212799072, "kurtosis": -1.7726727724075317, "dead_latents": 0}