{"domain": "gpt2_l9", "input_dim": 768, "latent_dim": 3072, "k_active": 307, "input_scale": 2.0, "a": 0.1, "seed": 42, "val_loss": 0.6489801406860352, "sigma_eff_input": 2.0042665004730225, "sigma_eff_post_dense": 2.7538089752197266, "kurtosis": -1.8781745433807373, "dead_latents": 0}