{"domain": "gpt2_l6", "input_dim": 768, "latent_dim": 3072, "k_active": 307, "input_scale": 4.0, "a": 0.125, "seed": 42, "val_loss": 2.7456414699554443, "sigma_eff_input": 4.00787878036499, "sigma_eff_post_dense": 3.363568067550659, "kurtosis": -1.904537320137024, "dead_latents": 0}