{"domain": "gpt2_l9", "input_dim": 768, "latent_dim": 3072, "k_active": 307, "input_scale": 2.0, "a": 0.5, "seed": 43, "val_loss": 0.7470155358314514, "sigma_eff_input": 2.0042665004730225, "sigma_eff_post_dense": 0.715803861618042, "kurtosis": -1.9150291681289673, "dead_latents": 0}