{"domain": "gpt2_l3", "input_dim": 768, "latent_dim": 3072, "k_active": 307, "input_scale": 0.5, "a": 0.5, "seed": 43, "val_loss": 0.03166728839278221, "sigma_eff_input": 0.5013319849967957, "sigma_eff_post_dense": 0.15278135240077972, "kurtosis": -1.2327021360397339, "dead_latents": 0}