{"domain": "gpt2_l9", "input_dim": 768, "latent_dim": 3072, "k_active": 307, "input_scale": 0.5, "a": 1.0, "seed": 43, "val_loss": 0.041507843881845474, "sigma_eff_input": 0.5010666251182556, "sigma_eff_post_dense": 0.12491998076438904, "kurtosis": -1.5497270822525024, "dead_latents": 0}