{"domain": "gpt2_l6", "input_dim": 768, "latent_dim": 3072, "k_active": 307, "input_scale": 0.7, "a": 0.1, "seed": 42, "val_loss": 0.09077581763267517, "sigma_eff_input": 0.7013787627220154, "sigma_eff_post_dense": 1.4015916585922241, "kurtosis": -1.7960705757141113, "dead_latents": 0}