{"domain": "gpt2_l9", "input_dim": 768, "latent_dim": 3072, "k_active": 307, "input_scale": 0.5, "a": 0.25, "seed": 43, "val_loss": 0.04556267336010933, "sigma_eff_input": 0.5010666251182556, "sigma_eff_post_dense": 0.16211725771427155, "kurtosis": -1.692490577697754, "dead_latents": 0}