{"domain": "gpt2_l6", "input_dim": 768, "latent_dim": 3072, "k_active": 307, "input_scale": 0.7, "a": 0.25, "seed": 43, "val_loss": 0.08215603977441788, "sigma_eff_input": 0.7013787627220154, "sigma_eff_post_dense": 0.5777555108070374, "kurtosis": -1.7534546852111816, "dead_latents": 0}