{"domain": "gpt2_l9", "input_dim": 768, "latent_dim": 3072, "k_active": 307, "input_scale": 2.0, "a": 1.0, "seed": 42, "val_loss": 2.9650590419769287, "sigma_eff_input": 2.0042665004730225, "sigma_eff_post_dense": 3.685138702392578, "kurtosis": -1.999468445777893, "dead_latents": 0}