{"domain": "gpt2_l6", "input_dim": 768, "latent_dim": 3072, "k_active": 307, "input_scale": 1.5, "a": 1.0, "seed": 42, "val_loss": 0.4311731457710266, "sigma_eff_input": 1.5029544830322266, "sigma_eff_post_dense": 0.3897314965724945, "kurtosis": -1.864451289176941, "dead_latents": 0}