{"domain": "gpt2_l9", "input_dim": 768, "latent_dim": 3072, "k_active": 307, "input_scale": 1.0, "a": 2.0, "seed": 43, "val_loss": 0.5566530823707581, "sigma_eff_input": 1.0021332502365112, "sigma_eff_post_dense": 0.874036967754364, "kurtosis": -1.9960546493530273, "dead_latents": 0}