{"domain": "gpt2_l9", "input_dim": 768, "latent_dim": 3072, "k_active": 307, "input_scale": 2.0, "a": 0.1, "seed": 43, "val_loss": 0.6477993130683899, "sigma_eff_input": 2.0042665004730225, "sigma_eff_post_dense": 2.7504031658172607, "kurtosis": -1.8786253929138184, "dead_latents": 0}