{"domain": "gpt2_l6", "input_dim": 768, "latent_dim": 3072, "k_active": 307, "input_scale": 4.0, "a": 0.05, "seed": 43, "val_loss": 2.644571542739868, "sigma_eff_input": 4.00787878036499, "sigma_eff_post_dense": 7.33096170425415, "kurtosis": -1.883301854133606, "dead_latents": 0}