{"domain": "gpt2_l3", "input_dim": 768, "latent_dim": 3072, "k_active": 307, "input_scale": 2.0, "a": 2.0, "seed": 43, "val_loss": 2.7481915950775146, "sigma_eff_input": 2.0053279399871826, "sigma_eff_post_dense": 4.518578052520752, "kurtosis": -1.9997320175170898, "dead_latents": 0}