{"domain": "gpt2_l9", "input_dim": 768, "latent_dim": 3072, "k_active": 307, "input_scale": 0.5, "a": 2.0, "seed": 42, "val_loss": 0.04388750344514847, "sigma_eff_input": 0.5010666251182556, "sigma_eff_post_dense": 0.10146381705999374, "kurtosis": -1.5784462690353394, "dead_latents": 0}