{"domain": "gpt2_l9", "input_dim": 768, "latent_dim": 3072, "k_active": 307, "input_scale": 2.0, "a": 2.0, "seed": 43, "val_loss": 2.8446576595306396, "sigma_eff_input": 2.0042665004730225, "sigma_eff_post_dense": 4.2646803855896, "kurtosis": -1.9997150897979736, "dead_latents": 0}