{"domain": "gpt2_l9", "input_dim": 768, "latent_dim": 3072, "k_active": 307, "input_scale": 0.5, "a": 0.5, "seed": 43, "val_loss": 0.04253240302205086, "sigma_eff_input": 0.5010666251182556, "sigma_eff_post_dense": 0.14893144369125366, "kurtosis": -1.6145075559616089, "dead_latents": 0}