{"domain": "gpt2_l3", "input_dim": 768, "latent_dim": 3072, "k_active": 307, "input_scale": 1.0, "a": 2.0, "seed": 43, "val_loss": 0.2055080682039261, "sigma_eff_input": 1.0026639699935913, "sigma_eff_post_dense": 0.3507009446620941, "kurtosis": -1.7562166452407837, "dead_latents": 0}