{"domain": "gpt2_l6", "input_dim": 768, "latent_dim": 3072, "k_active": 307, "input_scale": 4.0, "a": 0.125, "seed": 43, "val_loss": 2.744588851928711, "sigma_eff_input": 4.00787878036499, "sigma_eff_post_dense": 3.334343910217285, "kurtosis": -1.9042706489562988, "dead_latents": 0}