{"domain": "gpt2_l6", "input_dim": 768, "latent_dim": 3072, "k_active": 307, "input_scale": 2.0, "a": 0.1, "seed": 42, "val_loss": 0.6229893565177917, "sigma_eff_input": 2.003939390182495, "sigma_eff_post_dense": 2.7820425033569336, "kurtosis": -1.8389264345169067, "dead_latents": 0}