{"domain": "gpt2_l3", "input_dim": 768, "latent_dim": 3072, "k_active": 307, "input_scale": 0.5, "a": 0.1, "seed": 42, "val_loss": 0.037666235119104385, "sigma_eff_input": 0.5013319849967957, "sigma_eff_post_dense": 0.14005981385707855, "kurtosis": -1.6127442121505737, "dead_latents": 0}