{"domain": "gpt2_l9", "input_dim": 768, "latent_dim": 3072, "k_active": 307, "input_scale": 2.0, "a": 0.25, "seed": 42, "val_loss": 0.6789725422859192, "sigma_eff_input": 2.0042665004730225, "sigma_eff_post_dense": 1.2797774076461792, "kurtosis": -1.9000651836395264, "dead_latents": 0}