{"domain": "gpt2_l3", "input_dim": 768, "latent_dim": 3072, "k_active": 307, "input_scale": 0.5, "a": 2.0, "seed": 43, "val_loss": 0.03376493230462074, "sigma_eff_input": 0.5013319849967957, "sigma_eff_post_dense": 0.10289303213357925, "kurtosis": -1.2357794046401978, "dead_latents": 0}