{"domain": "gpt2_l6", "input_dim": 768, "latent_dim": 3072, "k_active": 307, "input_scale": 1.5, "a": 1.0, "seed": 43, "val_loss": 0.43053558468818665, "sigma_eff_input": 1.5029544830322266, "sigma_eff_post_dense": 0.39435938000679016, "kurtosis": -1.86551034450531, "dead_latents": 0}