{"domain": "gpt2_l9", "input_dim": 768, "latent_dim": 3072, "k_active": 307, "input_scale": 1.0, "a": 1.0, "seed": 42, "val_loss": 0.1789795309305191, "sigma_eff_input": 1.0021332502365112, "sigma_eff_post_dense": 0.265456885099411, "kurtosis": -1.8393065929412842, "dead_latents": 0}