{"domain": "gpt2_l3", "input_dim": 768, "latent_dim": 3072, "k_active": 307, "input_scale": 0.5, "a": 0.25, "seed": 42, "val_loss": 0.03480564057826996, "sigma_eff_input": 0.5013319849967957, "sigma_eff_post_dense": 0.1689242720603943, "kurtosis": -1.3889684677124023, "dead_latents": 0}