{"domain": "gpt2_l3", "input_dim": 768, "latent_dim": 3072, "k_active": 307, "input_scale": 2.0, "a": 0.25, "seed": 42, "val_loss": 0.5261774063110352, "sigma_eff_input": 2.0053279399871826, "sigma_eff_post_dense": 1.2923029661178589, "kurtosis": -1.7871909141540527, "dead_latents": 0}