{"domain": "gpt2_l3", "input_dim": 768, "latent_dim": 3072, "k_active": 307, "input_scale": 0.5, "a": 2.0, "seed": 42, "val_loss": 0.03372577950358391, "sigma_eff_input": 0.5013319849967957, "sigma_eff_post_dense": 0.10257214307785034, "kurtosis": -1.233609914779663, "dead_latents": 0}