{"domain": "gpt2_l3", "input_dim": 768, "latent_dim": 3072, "k_active": 307, "input_scale": 1.0, "a": 0.25, "seed": 43, "val_loss": 0.13608606159687042, "sigma_eff_input": 1.0026639699935913, "sigma_eff_post_dense": 0.851071834564209, "kurtosis": -1.6802608966827393, "dead_latents": 0}