{"domain": "gpt2_l6", "input_dim": 768, "latent_dim": 3072, "k_active": 307, "input_scale": 0.7, "a": 0.25, "seed": 42, "val_loss": 0.08221474289894104, "sigma_eff_input": 0.7013787627220154, "sigma_eff_post_dense": 0.5784953236579895, "kurtosis": -1.7530829906463623, "dead_latents": 0}