{"domain": "gpt2_l6", "input_dim": 768, "latent_dim": 3072, "k_active": 307, "input_scale": 1.5, "a": 0.1, "seed": 43, "val_loss": 0.3546094298362732, "sigma_eff_input": 1.5029544830322266, "sigma_eff_post_dense": 2.372891902923584, "kurtosis": -1.8145320415496826, "dead_latents": 0}