{"domain": "gpt2_l6", "input_dim": 768, "latent_dim": 3072, "k_active": 307, "input_scale": 4.0, "a": 0.1, "seed": 42, "val_loss": 2.6848928928375244, "sigma_eff_input": 4.00787878036499, "sigma_eff_post_dense": 4.040501117706299, "kurtosis": -1.8995308876037598, "dead_latents": 0}