{"domain": "gpt2_l3", "input_dim": 768, "latent_dim": 3072, "k_active": 307, "input_scale": 1.0, "a": 1.0, "seed": 42, "val_loss": 0.13784444332122803, "sigma_eff_input": 1.0026639699935913, "sigma_eff_post_dense": 0.25783586502075195, "kurtosis": -1.5997406244277954, "dead_latents": 0}