{"domain": "gpt2_l6", "input_dim": 768, "latent_dim": 3072, "k_active": 307, "input_scale": 4.0, "a": 0.05, "seed": 42, "val_loss": 2.649033546447754, "sigma_eff_input": 4.00787878036499, "sigma_eff_post_dense": 7.3333306312561035, "kurtosis": -1.8834117650985718, "dead_latents": 0}