{"domain": "gpt2_l3", "input_dim": 768, "latent_dim": 3072, "k_active": 307, "input_scale": 1.0, "a": 2.0, "seed": 42, "val_loss": 0.2079620659351349, "sigma_eff_input": 1.0026639699935913, "sigma_eff_post_dense": 0.36005720496177673, "kurtosis": -1.7582767009735107, "dead_latents": 0}