{"domain": "gpt2_l6", "input_dim": 768, "latent_dim": 3072, "k_active": 307, "input_scale": 2.0, "a": 0.1, "seed": 43, "val_loss": 0.62428218126297, "sigma_eff_input": 2.003939390182495, "sigma_eff_post_dense": 2.7824594974517822, "kurtosis": -1.8384945392608643, "dead_latents": 0}