{"domain": "gpt2_l6", "input_dim": 768, "latent_dim": 3072, "k_active": 307, "input_scale": 1.5, "a": 2.0, "seed": 42, "val_loss": 1.6324360370635986, "sigma_eff_input": 1.5029544830322266, "sigma_eff_post_dense": 3.140357732772827, "kurtosis": -1.999739170074463, "dead_latents": 0}