{"domain": "gpt2_l6", "input_dim": 768, "latent_dim": 3072, "k_active": 307, "input_scale": 1.5, "a": 0.1, "seed": 42, "val_loss": 0.35461458563804626, "sigma_eff_input": 1.5029544830322266, "sigma_eff_post_dense": 2.374842882156372, "kurtosis": -1.8158625364303589, "dead_latents": 0}