{"domain": "gpt2_l9", "input_dim": 768, "latent_dim": 3072, "k_active": 307, "input_scale": 1.0, "a": 0.1, "seed": 42, "val_loss": 0.16733737289905548, "sigma_eff_input": 1.0021332502365112, "sigma_eff_post_dense": 1.6771296262741089, "kurtosis": -1.834855556488037, "dead_latents": 0}