{"domain": "gpt2_l6", "input_dim": 768, "latent_dim": 3072, "k_active": 307, "input_scale": 0.7, "a": 2.0, "seed": 43, "val_loss": 0.08703881502151489, "sigma_eff_input": 0.7013787627220154, "sigma_eff_post_dense": 0.14847658574581146, "kurtosis": -1.6924169063568115, "dead_latents": 0}