{"domain": "gpt2_l9", "input_dim": 768, "latent_dim": 3072, "k_active": 307, "input_scale": 1.0, "a": 0.1, "seed": 43, "val_loss": 0.16763050854206085, "sigma_eff_input": 1.0021332502365112, "sigma_eff_post_dense": 1.6799334287643433, "kurtosis": -1.833513617515564, "dead_latents": 0}