{"domain": "gpt2_l6", "input_dim": 768, "latent_dim": 3072, "k_active": 307, "input_scale": 1.0, "a": 0.05, "seed": 42, "val_loss": 0.18259544670581818, "sigma_eff_input": 1.0019696950912476, "sigma_eff_post_dense": 3.20845627784729, "kurtosis": -1.8067712783813477, "dead_latents": 0}