{"domain": "gpt2_l9", "input_dim": 768, "latent_dim": 3072, "k_active": 307, "input_scale": 2.0, "a": 0.5, "seed": 42, "val_loss": 0.7485447525978088, "sigma_eff_input": 2.0042665004730225, "sigma_eff_post_dense": 0.7209588885307312, "kurtosis": -1.9150701761245728, "dead_latents": 0}