{"domain": "gpt2_l6", "input_dim": 768, "latent_dim": 3072, "k_active": 307, "input_scale": 1.0, "a": 0.1, "seed": 43, "val_loss": 0.16626334190368652, "sigma_eff_input": 1.0019696950912476, "sigma_eff_post_dense": 1.860790729522705, "kurtosis": -1.7958928346633911, "dead_latents": 0}