{"domain": "gpt2_l3", "input_dim": 768, "latent_dim": 3072, "k_active": 307, "input_scale": 2.0, "a": 0.5, "seed": 42, "val_loss": 0.579831063747406, "sigma_eff_input": 2.0053279399871826, "sigma_eff_post_dense": 0.7307093739509583, "kurtosis": -1.7876219749450684, "dead_latents": 0}