{"domain": "gpt2_l6", "input_dim": 768, "latent_dim": 3072, "k_active": 307, "input_scale": 1.5, "a": 0.5, "seed": 42, "val_loss": 0.3719451129436493, "sigma_eff_input": 1.5029544830322266, "sigma_eff_post_dense": 0.6020851135253906, "kurtosis": -1.8471324443817139, "dead_latents": 0}