{"domain": "gpt2_l9", "input_dim": 768, "latent_dim": 3072, "k_active": 307, "input_scale": 1.0, "a": 1.0, "seed": 43, "val_loss": 0.17851485311985016, "sigma_eff_input": 1.0021332502365112, "sigma_eff_post_dense": 0.26507461071014404, "kurtosis": -1.8402812480926514, "dead_latents": 0}