{"domain": "gpt2_l6", "input_dim": 768, "latent_dim": 3072, "k_active": 307, "input_scale": 1.5, "a": 0.25, "seed": 43, "val_loss": 0.35133475065231323, "sigma_eff_input": 1.5029544830322266, "sigma_eff_post_dense": 1.0951178073883057, "kurtosis": -1.8373793363571167, "dead_latents": 0}