{"domain": "gpt2_l3", "input_dim": 768, "latent_dim": 3072, "k_active": 307, "input_scale": 2.0, "a": 0.25, "seed": 43, "val_loss": 0.5268336534500122, "sigma_eff_input": 2.0053279399871826, "sigma_eff_post_dense": 1.2880715131759644, "kurtosis": -1.7858402729034424, "dead_latents": 0}