{"domain": "gpt2_l3", "input_dim": 768, "latent_dim": 3072, "k_active": 307, "input_scale": 1.0, "a": 0.5, "seed": 42, "val_loss": 0.13090693950653076, "sigma_eff_input": 1.0026639699935913, "sigma_eff_post_dense": 0.4391181170940399, "kurtosis": -1.6210235357284546, "dead_latents": 0}