{"domain": "gpt2_l9", "input_dim": 768, "latent_dim": 3072, "k_active": 307, "input_scale": 0.5, "a": 0.1, "seed": 43, "val_loss": 0.047498323023319244, "sigma_eff_input": 0.5010666251182556, "sigma_eff_post_dense": 0.13596588373184204, "kurtosis": -1.8482850790023804, "dead_latents": 0}