{"domain": "gpt2_l6", "input_dim": 768, "latent_dim": 3072, "k_active": 307, "input_scale": 1.0, "a": 0.1, "seed": 42, "val_loss": 0.1667938381433487, "sigma_eff_input": 1.0019696950912476, "sigma_eff_post_dense": 1.866839051246643, "kurtosis": -1.796299695968628, "dead_latents": 0}