{"domain": "gpt2_l3", "input_dim": 768, "latent_dim": 3072, "k_active": 307, "input_scale": 1.0, "a": 1.0, "seed": 43, "val_loss": 0.13718922436237335, "sigma_eff_input": 1.0026639699935913, "sigma_eff_post_dense": 0.2590395212173462, "kurtosis": -1.6011675596237183, "dead_latents": 0}