{"domain": "gpt2_l9", "input_dim": 768, "latent_dim": 3072, "k_active": 307, "input_scale": 1.0, "a": 0.5, "seed": 43, "val_loss": 0.16455887258052826, "sigma_eff_input": 1.0021332502365112, "sigma_eff_post_dense": 0.4545837938785553, "kurtosis": -1.843729019165039, "dead_latents": 0}