{"domain": "gpt2_l9", "input_dim": 768, "latent_dim": 3072, "k_active": 307, "input_scale": 1.0, "a": 0.25, "seed": 42, "val_loss": 0.16030780971050262, "sigma_eff_input": 1.0021332502365112, "sigma_eff_post_dense": 0.8174624443054199, "kurtosis": -1.8433314561843872, "dead_latents": 0}