{"domain": "gpt2_l6", "input_dim": 768, "latent_dim": 3072, "k_active": 307, "input_scale": 0.7, "a": 0.5, "seed": 43, "val_loss": 0.07780753076076508, "sigma_eff_input": 0.7013787627220154, "sigma_eff_post_dense": 0.2792629301548004, "kurtosis": -1.6716089248657227, "dead_latents": 0}