{"domain": "gpt2_l3", "input_dim": 768, "latent_dim": 3072, "k_active": 307, "input_scale": 2.0, "a": 2.0, "seed": 42, "val_loss": 2.748046875, "sigma_eff_input": 2.0053279399871826, "sigma_eff_post_dense": 4.54053258895874, "kurtosis": -1.999722957611084, "dead_latents": 0}