{"domain": "pythia160m_l6", "input_dim": 768, "latent_dim": 3072, "k_active": 307, "input_scale": 0.5, "a": 0.25, "seed": 43, "val_loss": 0.03964236006140709, "sigma_eff_input": 0.5005878806114197, "sigma_eff_post_dense": 0.1490405797958374, "kurtosis": -1.5290815830230713, "dead_latents": 0}