{"domain": "pythia160m_l6", "input_dim": 768, "latent_dim": 3072, "k_active": 307, "input_scale": 2.0, "a": 0.5, "seed": 42, "val_loss": 1.3740873336791992, "sigma_eff_input": 2.0023515224456787, "sigma_eff_post_dense": 6.742700099945068, "kurtosis": -1.942191481590271, "dead_latents": 0}