{"domain": "pythia160m_l6", "input_dim": 768, "latent_dim": 3072, "k_active": 307, "input_scale": 1.0, "a": 0.1, "seed": 42, "val_loss": 0.15026269853115082, "sigma_eff_input": 1.0011757612228394, "sigma_eff_post_dense": 1.7045444250106812, "kurtosis": -1.8149447441101074, "dead_latents": 5}