{"domain": "pythia160m_l6", "input_dim": 768, "latent_dim": 3072, "k_active": 307, "input_scale": 1.0, "a": 0.5, "seed": 43, "val_loss": 0.15197062492370605, "sigma_eff_input": 1.0011757612228394, "sigma_eff_post_dense": 1.1549243927001953, "kurtosis": -1.8288977146148682, "dead_latents": 0}