{"domain": "pythia160m_l6", "input_dim": 768, "latent_dim": 3072, "k_active": 307, "input_scale": 0.5, "a": 2.0, "seed": 42, "val_loss": 0.046621181070804596, "sigma_eff_input": 0.5005878806114197, "sigma_eff_post_dense": 0.5845693349838257, "kurtosis": -1.630649447441101, "dead_latents": 0}