{"domain": "pythia160m_l6", "input_dim": 768, "latent_dim": 3072, "k_active": 307, "input_scale": 1.0, "a": 2.0, "seed": 43, "val_loss": 0.7651522159576416, "sigma_eff_input": 1.0011757612228394, "sigma_eff_post_dense": 5.729493618011475, "kurtosis": -1.9998178482055664, "dead_latents": 0}