{"domain": "pythia160m_l6", "input_dim": 768, "latent_dim": 3072, "k_active": 307, "input_scale": 1.0, "a": 0.5, "seed": 42, "val_loss": 0.14943000674247742, "sigma_eff_input": 1.0011757612228394, "sigma_eff_post_dense": 1.19981849193573, "kurtosis": -1.827539324760437, "dead_latents": 0}