{"domain": "pythia160m_l6", "input_dim": 768, "latent_dim": 3072, "k_active": 307, "input_scale": 2.0, "a": 2.0, "seed": 42, "val_loss": 3.112116813659668, "sigma_eff_input": 2.0023515224456787, "sigma_eff_post_dense": 12.635491371154785, "kurtosis": -1.999720811843872, "dead_latents": 0}