{"domain": "pythia160m_l6", "input_dim": 768, "latent_dim": 3072, "k_active": 307, "input_scale": 0.5, "a": 1.0, "seed": 42, "val_loss": 0.03796411678195, "sigma_eff_input": 0.5005878806114197, "sigma_eff_post_dense": 0.4497101306915283, "kurtosis": -1.4883129596710205, "dead_latents": 0}