{"domain": "pythia160m_l6", "input_dim": 768, "latent_dim": 3072, "k_active": 307, "input_scale": 1.0, "a": 1.0, "seed": 43, "val_loss": 0.21127668023109436, "sigma_eff_input": 1.0011757612228394, "sigma_eff_post_dense": 1.5995731353759766, "kurtosis": -1.8636540174484253, "dead_latents": 0}