{"domain": "pythia160m_l6", "input_dim": 768, "latent_dim": 3072, "k_active": 307, "input_scale": 2.0, "a": 0.5, "seed": 43, "val_loss": 1.4218825101852417, "sigma_eff_input": 2.0023515224456787, "sigma_eff_post_dense": 6.82391357421875, "kurtosis": -1.9453372955322266, "dead_latents": 0}