{"domain": "pythia160m_l6", "input_dim": 768, "latent_dim": 3072, "k_active": 307, "input_scale": 2.0, "a": 0.1, "seed": 43, "val_loss": 0.5625795125961304, "sigma_eff_input": 2.0023515224456787, "sigma_eff_post_dense": 3.182448625564575, "kurtosis": -1.8593885898590088, "dead_latents": 6}