{
  "experiment": "looped_chaos_scaled_residual_stage1b",
  "timestamp": "20260424_020417",
  "proposition": "Prop. 3: z_{t+1} = z_t + (1/T)\u00b7chaos(Wz+b) => |z_T| <= 2(1+w)",
  "theoretical_bound": 3.0,
  "config": {
    "input_dim": 768,
    "latent_dim": 3072,
    "k_active": 307,
    "T_sweep": [
      0,
      4,
      8
    ],
    "bits_sweep": [
      2,
      3,
      4,
      6,
      8
    ],
    "num_runs": 3,
    "epochs": 8
  },
  "results_01_naive_reference": {
    "0": {
      "loss": 0.169,
      "range": [
        -1.5,
        1.5
      ],
      "deg2": 10.3
    },
    "4": {
      "loss": 0.549,
      "range": [
        -7.22,
        7.01
      ],
      "deg2": 11.7
    },
    "8": {
      "loss": 0.543,
      "range": [
        -13.46,
        13.49
      ],
      "deg2": 6.7
    }
  },
  "results": {
    "0": [
      {
        "T": 0,
        "run": 0,
        "val_loss": 0.16889576613903046,
        "dead": 0,
        "dead_pct": 0.0,
        "lat_var": 0.10060002654790878,
        "lat_range": [
          -1.499996542930603,
          1.499996542930603
        ],
        "bound_ok": true,
        "quant": {
          "2": 0.18633069097995758,
          "3": 0.1729094684123993,
          "4": 0.16943281888961792,
          "6": 0.1689230352640152,
          "8": 0.1688954085111618
        }
      },
      {
        "T": 0,
        "run": 1,
        "val_loss": 0.16857069730758667,
        "dead": 0,
        "dead_pct": 0.0,
        "lat_var": 0.10084711015224457,
        "lat_range": [
          -1.499996542930603,
          1.499996542930603
        ],
        "bound_ok": true,
        "quant": {
          "2": 0.18589240312576294,
          "3": 0.17241738736629486,
          "4": 0.16910304129123688,
          "6": 0.16859550774097443,
          "8": 0.16857048869132996
        }
      },
      {
        "T": 0,
        "run": 2,
        "val_loss": 0.16905684769153595,
        "dead": 0,
        "dead_pct": 0.0,
        "lat_var": 0.10075174272060394,
        "lat_range": [
          -1.499996542930603,
          1.499996542930603
        ],
        "bound_ok": true,
        "quant": {
          "2": 0.1864207535982132,
          "3": 0.17288054525852203,
          "4": 0.1695818305015564,
          "6": 0.1690795123577118,
          "8": 0.1690588891506195
        }
      }
    ],
    "4": [
      {
        "T": 4,
        "run": 0,
        "val_loss": 0.264078825712204,
        "dead": 0,
        "dead_pct": 0.0,
        "lat_var": 0.17302274703979492,
        "lat_range": [
          -2.9998860359191895,
          2.999872922897339
        ],
        "bound_ok": true,
        "quant": {
          "2": 0.30931562185287476,
          "3": 0.26830795407295227,
          "4": 0.26294243335723877,
          "6": 0.264050155878067,
          "8": 0.26408249139785767
        }
      },
      {
        "T": 4,
        "run": 1,
        "val_loss": 0.2644064128398895,
        "dead": 0,
        "dead_pct": 0.0,
        "lat_var": 0.1733497679233551,
        "lat_range": [
          -2.999842882156372,
          2.99969220161438
        ],
        "bound_ok": true,
        "quant": {
          "2": 0.30936959385871887,
          "3": 0.2687026262283325,
          "4": 0.2633196711540222,
          "6": 0.2643671929836273,
          "8": 0.26441019773483276
        }
      },
      {
        "T": 4,
        "run": 2,
        "val_loss": 0.2629576027393341,
        "dead": 0,
        "dead_pct": 0.0,
        "lat_var": 0.17435574531555176,
        "lat_range": [
          -2.9998912811279297,
          2.9998180866241455
        ],
        "bound_ok": true,
        "quant": {
          "2": 0.30879777669906616,
          "3": 0.26708000898361206,
          "4": 0.2618347406387329,
          "6": 0.26292359828948975,
          "8": 0.26295992732048035
        }
      }
    ],
    "8": [
      {
        "T": 8,
        "run": 0,
        "val_loss": 0.26286134123802185,
        "dead": 0,
        "dead_pct": 0.0,
        "lat_var": 0.11291615664958954,
        "lat_range": [
          -2.9999442100524902,
          2.9995713233947754
        ],
        "bound_ok": true,
        "quant": {
          "2": 0.31616050004959106,
          "3": 0.275183767080307,
          "4": 0.26598405838012695,
          "6": 0.2630038559436798,
          "8": 0.2628698945045471
        }
      },
      {
        "T": 8,
        "run": 1,
        "val_loss": 0.26265159249305725,
        "dead": 0,
        "dead_pct": 0.0,
        "lat_var": 0.11360980570316315,
        "lat_range": [
          -2.9997947216033936,
          2.999851703643799
        ],
        "bound_ok": true,
        "quant": {
          "2": 0.31554362177848816,
          "3": 0.27474191784858704,
          "4": 0.2657395899295807,
          "6": 0.2627915143966675,
          "8": 0.2626616358757019
        }
      },
      {
        "T": 8,
        "run": 2,
        "val_loss": 0.26190635561943054,
        "dead": 0,
        "dead_pct": 0.0,
        "lat_var": 0.11313338577747345,
        "lat_range": [
          -2.9997527599334717,
          2.999856472015381
        ],
        "bound_ok": true,
        "quant": {
          "2": 0.31403568387031555,
          "3": 0.2741040587425232,
          "4": 0.2649894058704376,
          "6": 0.262050062417984,
          "8": 0.26191771030426025
        }
      }
    ]
  },
  "summary": {
    "0": {
      "val_loss_mean": 0.16884110371271768,
      "val_loss_std": 0.0002021988041364354,
      "dead_pct": 0.0,
      "lat_var": 0.1007329598069191,
      "lat_range": [
        -1.499996542930603,
        1.499996542930603
      ],
      "bound_ok": true,
      "degradation": {
        "2": 10.289859404232818,
        "3": 2.30672303567019,
        "4": 0.3147692335572113,
        "6": 0.01475632471492581,
        "8": 0.00029124325095248314
      }
    },
    "4": {
      "val_loss_mean": 0.2638142804304759,
      "val_loss_std": 0.0006203498106881873,
      "dead_pct": 0.0,
      "lat_var": 0.17357608675956726,
      "lat_range": [
        -2.999873399734497,
        2.9997944037119546
      ],
      "bound_ok": true,
      "degradation": {
        "2": 17.18887884528087,
        "3": 1.5980620878232175,
        "4": -0.42277167305904,
        "6": -0.012874478727658553,
        "8": 0.0012351064704941336
      }
    },
    "8": {
      "val_loss_mean": 0.26247309645016986,
      "val_loss_std": 0.00040979263937093307,
      "dead_pct": 0.0,
      "lat_var": 0.11321978271007538,
      "lat_range": [
        -2.9998305638631186,
        2.999759833017985
      ],
      "bound_ok": true,
      "degradation": {
        "2": 20.10625323624893,
        "3": 4.649423098474657,
        "4": 1.1802815800082107,
        "6": 0.05411899525260658,
        "8": 0.00380373384354588
      }
    }
  },
  "distribution_analysis": {
    "T=0 baseline": {
      "entropy_norm": 0.893418317443335,
      "kurtosis": -1.767627394755795,
      "range": [
        -1.499996542930603,
        1.499996542930603
      ]
    },
    "T=4 naive (01)": {
      "entropy_norm": 0.7531825360608723,
      "kurtosis": 0.3617884741429247,
      "range": [
        -7.043981552124023,
        6.96855354309082
      ]
    },
    "T=4 scaled (02)": {
      "entropy_norm": 0.8988666621536864,
      "kurtosis": -0.4636736081395991,
      "range": [
        -2.9995970726013184,
        2.9997034072875977
      ]
    }
  }
}